Source,Target,Weight,Type
1,631,2,Undirected
2,361,1,Undirected
3,469,1,Undirected
4,531,1,Undirected
5,389,1,Undirected
6,616,1,Undirected
6,594,1,Undirected
6,547,1,Undirected
6,758,1,Undirected
7,45,6,Undirected
7,81,1,Undirected
7,129,1,Undirected
7,78,1,Undirected
7,94,1,Undirected
7,275,1,Undirected
7,321,1,Undirected
7,408,1,Undirected
7,407,1,Undirected
7,512,1,Undirected
7,617,1,Undirected
7,111,1,Undirected
7,145,1,Undirected
8,788,2,Undirected
9,663,1,Undirected
10,227,2,Undirected
10,704,1,Undirected
10,460,1,Undirected
11,100,1,Undirected
11,217,1,Undirected
11,259,1,Undirected
11,298,1,Undirected
11,356,2,Undirected
11,299,1,Undirected
11,587,1,Undirected
11,764,1,Undirected
11,422,2,Undirected
11,566,1,Undirected
11,453,1,Undirected
11,457,1,Undirected
12,114,2,Undirected
12,72,2,Undirected
12,430,1,Undirected
12,389,1,Undirected
12,13,1,Undirected
12,16,1,Undirected
12,335,1,Undirected
12,645,1,Undirected
13,33,5,Undirected
13,776,4,Undirected
13,274,1,Undirected
13,314,2,Undirected
13,361,1,Undirected
13,409,2,Undirected
13,469,6,Undirected
13,548,2,Undirected
13,599,3,Undirected
13,596,3,Undirected
13,643,2,Undirected
13,525,8,Undirected
13,16,1,Undirected
13,721,1,Undirected
13,113,1,Undirected
13,343,3,Undirected
13,458,1,Undirected
13,457,1,Undirected
13,463,1,Undirected
13,615,2,Undirected
13,75,1,Undirected
13,702,1,Undirected
13,767,2,Undirected
13,218,1,Undirected
13,335,1,Undirected
13,160,1,Undirected
13,532,1,Undirected
13,12,1,Undirected
13,614,2,Undirected
13,422,2,Undirected
13,217,1,Undirected
13,781,2,Undirected
13,287,1,Undirected
13,778,2,Undirected
13,299,1,Undirected
13,308,1,Undirected
13,321,1,Undirected
13,768,1,Undirected
13,73,1,Undirected
13,485,1,Undirected
13,176,1,Undirected
13,575,1,Undirected
13,542,1,Undirected
13,210,1,Undirected
13,787,1,Undirected
13,727,1,Undirected
13,566,1,Undirected
13,809,1,Undirected
14,86,2,Undirected
14,472,2,Undirected
14,606,1,Undirected
14,715,2,Undirected
14,749,1,Undirected
14,87,1,Undirected
14,331,1,Undirected
15,424,5,Undirected
16,112,1,Undirected
16,178,1,Undirected
16,218,1,Undirected
16,335,2,Undirected
16,361,1,Undirected
16,422,1,Undirected
16,495,1,Undirected
16,767,1,Undirected
16,13,1,Undirected
16,615,1,Undirected
16,12,1,Undirected
16,32,4,Undirected
16,201,1,Undirected
16,73,1,Undirected
16,168,1,Undirected
16,210,1,Undirected
16,308,1,Undirected
16,323,2,Undirected
16,533,1,Undirected
16,299,2,Undirected
16,645,1,Undirected
16,685,2,Undirected
16,727,1,Undirected
16,729,2,Undirected
16,566,1,Undirected
16,332,1,Undirected
16,416,1,Undirected
16,253,1,Undirected
16,256,1,Undirected
16,343,1,Undirected
16,641,1,Undirected
16,678,1,Undirected
16,809,1,Undirected
16,654,1,Undirected
17,399,1,Undirected
17,453,1,Undirected
18,511,2,Undirected
18,616,2,Undirected
18,594,1,Undirected
18,770,2,Undirected
18,368,1,Undirected
19,86,2,Undirected
19,217,3,Undirected
19,521,1,Undirected
19,566,1,Undirected
19,764,1,Undirected
20,70,1,Undirected
20,297,1,Undirected
20,568,1,Undirected
20,235,1,Undirected
20,35,1,Undirected
20,373,1,Undirected
20,460,1,Undirected
20,685,1,Undirected
20,217,2,Undirected
21,482,3,Undirected
21,321,1,Undirected
22,566,3,Undirected
22,191,1,Undirected
22,377,2,Undirected
22,189,1,Undirected
22,329,1,Undirected
22,262,1,Undirected
22,356,1,Undirected
22,349,1,Undirected
22,453,4,Undirected
22,524,1,Undirected
22,35,1,Undirected
22,214,1,Undirected
22,217,1,Undirected
22,308,1,Undirected
22,335,1,Undirected
22,458,1,Undirected
22,662,1,Undirected
22,505,1,Undirected
22,260,1,Undirected
22,168,1,Undirected
23,256,2,Undirected
23,398,1,Undirected
23,423,1,Undirected
23,375,1,Undirected
23,176,1,Undirected
23,225,1,Undirected
23,740,1,Undirected
24,498,1,Undirected
24,335,1,Undirected
24,402,1,Undirected
25,551,1,Undirected
25,26,1,Undirected
26,253,1,Undirected
26,701,2,Undirected
26,25,1,Undirected
26,32,1,Undirected
26,116,1,Undirected
26,217,4,Undirected
26,237,1,Undirected
26,441,4,Undirected
26,371,1,Undirected
26,459,2,Undirected
26,505,1,Undirected
26,551,3,Undirected
26,299,1,Undirected
26,589,1,Undirected
26,598,1,Undirected
26,662,3,Undirected
26,532,1,Undirected
27,526,15,Undirected
28,39,1,Undirected
28,689,1,Undirected
28,253,1,Undirected
28,332,1,Undirected
29,788,3,Undirected
30,106,1,Undirected
30,180,1,Undirected
30,542,1,Undirected
31,54,7,Undirected
31,614,1,Undirected
31,806,1,Undirected
31,758,1,Undirected
31,769,1,Undirected
31,526,1,Undirected
31,332,1,Undirected
31,17,1,Undirected
31,729,1,Undirected
32,16,4,Undirected
32,46,2,Undirected
32,377,1,Undirected
32,220,4,Undirected
32,316,1,Undirected
32,318,1,Undirected
32,340,2,Undirected
32,410,4,Undirected
32,459,1,Undirected
32,443,1,Undirected
32,547,3,Undirected
32,597,6,Undirected
32,618,1,Undirected
32,26,1,Undirected
32,685,2,Undirected
32,566,5,Undirected
32,168,2,Undirected
32,238,1,Undirected
32,214,1,Undirected
32,453,1,Undirected
32,308,1,Undirected
32,321,2,Undirected
32,326,1,Undirected
32,418,1,Undirected
32,394,1,Undirected
32,422,1,Undirected
32,663,3,Undirected
32,673,1,Undirected
32,210,1,Undirected
32,139,1,Undirected
32,525,1,Undirected
32,796,1,Undirected
32,740,1,Undirected
32,568,1,Undirected
32,73,1,Undirected
32,351,2,Undirected
33,404,8,Undirected
33,13,4,Undirected
33,776,2,Undirected
33,203,1,Undirected
33,282,4,Undirected
33,274,1,Undirected
33,777,1,Undirected
33,204,2,Undirected
34,90,2,Undirected
35,287,4,Undirected
35,373,1,Undirected
35,499,1,Undirected
35,377,1,Undirected
35,303,1,Undirected
35,22,1,Undirected
35,45,1,Undirected
35,112,2,Undirected
35,393,1,Undirected
35,422,1,Undirected
35,651,1,Undirected
35,679,1,Undirected
35,768,2,Undirected
35,20,1,Undirected
35,214,1,Undirected
35,311,2,Undirected
35,362,1,Undirected
35,678,1,Undirected
35,781,1,Undirected
35,654,1,Undirected
35,351,1,Undirected
35,714,1,Undirected
35,532,2,Undirected
35,297,1,Undirected
36,348,1,Undirected
36,638,1,Undirected
36,668,4,Undirected
37,615,1,Undirected
38,730,4,Undirected
39,184,1,Undirected
39,483,1,Undirected
40,524,1,Undirected
40,599,1,Undirected
40,679,1,Undirected
41,174,2,Undirected
41,197,1,Undirected
41,396,1,Undirected
41,176,1,Undirected
41,75,1,Undirected
41,786,2,Undirected
41,364,1,Undirected
41,175,1,Undirected
42,533,2,Undirected
42,75,1,Undirected
42,322,1,Undirected
43,612,1,Undirected
44,526,4,Undirected
45,7,6,Undirected
45,81,1,Undirected
45,150,2,Undirected
45,781,1,Undirected
45,85,11,Undirected
45,254,1,Undirected
45,225,3,Undirected
45,287,1,Undirected
45,283,2,Undirected
45,353,1,Undirected
45,348,3,Undirected
45,408,1,Undirected
45,599,2,Undirected
45,617,1,Undirected
45,615,1,Undirected
45,641,1,Undirected
45,740,2,Undirected
45,321,1,Undirected
45,35,1,Undirected
45,526,1,Undirected
45,284,1,Undirected
45,176,1,Undirected
45,685,2,Undirected
45,119,1,Undirected
46,32,2,Undirected
46,217,1,Undirected
47,349,2,Undirected
47,690,1,Undirected
48,323,1,Undirected
48,758,1,Undirected
48,201,1,Undirected
49,287,1,Undirected
49,487,2,Undirected
50,482,1,Undirected
50,96,1,Undirected
50,217,1,Undirected
51,112,2,Undirected
51,89,2,Undirected
51,321,3,Undirected
51,397,9,Undirected
51,476,1,Undirected
51,546,1,Undirected
51,638,4,Undirected
52,740,1,Undirected
53,526,15,Undirected
53,201,1,Undirected
54,31,7,Undirected
55,533,1,Undirected
55,269,1,Undirected
56,706,2,Undirected
57,45,2,Undirected
57,348,8,Undirected
58,597,4,Undirected
59,704,1,Undirected
60,112,2,Undirected
60,654,1,Undirected
61,277,1,Undirected
61,630,2,Undirected
62,285,2,Undirected
62,332,6,Undirected
62,543,1,Undirected
63,158,1,Undirected
63,377,1,Undirected
63,458,1,Undirected
63,691,1,Undirected
63,716,1,Undirected
64,131,1,Undirected
65,109,1,Undirected
65,93,2,Undirected
65,408,2,Undirected
66,397,4,Undirected
67,108,1,Undirected
67,285,2,Undirected
67,526,1,Undirected
67,686,1,Undirected
67,165,1,Undirected
68,780,1,Undirected
68,690,2,Undirected
68,685,1,Undirected
69,476,2,Undirected
69,422,1,Undirected
69,685,1,Undirected
70,20,1,Undirected
70,706,2,Undirected
71,356,2,Undirected
71,486,1,Undirected
72,12,2,Undirected
72,86,1,Undirected
72,653,1,Undirected
73,335,4,Undirected
73,287,2,Undirected
73,532,1,Undirected
73,137,2,Undirected
73,119,2,Undirected
73,218,2,Undirected
73,316,1,Undirected
73,575,1,Undirected
73,308,1,Undirected
73,299,4,Undirected
73,132,3,Undirected
73,16,1,Undirected
73,767,2,Undirected
73,300,1,Undirected
73,326,1,Undirected
73,361,2,Undirected
73,336,2,Undirected
73,463,1,Undirected
73,599,1,Undirected
73,729,1,Undirected
73,785,1,Undirected
73,356,1,Undirected
73,637,1,Undirected
73,168,1,Undirected
73,214,1,Undirected
73,272,1,Undirected
73,702,1,Undirected
73,13,1,Undirected
73,457,1,Undirected
73,32,1,Undirected
73,344,1,Undirected
73,343,2,Undirected
73,371,1,Undirected
73,779,1,Undirected
74,76,1,Undirected
74,421,1,Undirected
74,761,1,Undirected
74,131,1,Undirected
74,373,1,Undirected
74,599,1,Undirected
75,176,6,Undirected
75,533,8,Undirected
75,256,3,Undirected
75,272,1,Undirected
75,16,1,Undirected
75,297,1,Undirected
75,319,1,Undirected
75,229,1,Undirected
75,322,4,Undirected
75,361,1,Undirected
75,368,1,Undirected
75,375,1,Undirected
75,378,1,Undirected
75,566,1,Undirected
75,387,1,Undirected
75,418,2,Undirected
75,540,2,Undirected
75,131,1,Undirected
75,299,2,Undirected
75,160,1,Undirected
75,41,1,Undirected
75,42,1,Undirected
75,76,2,Undirected
75,182,2,Undirected
75,185,1,Undirected
75,228,1,Undirected
75,315,1,Undirected
75,493,5,Undirected
75,699,3,Undirected
75,762,3,Undirected
75,599,1,Undirected
75,238,1,Undirected
75,113,1,Undirected
75,364,1,Undirected
75,547,1,Undirected
75,370,1,Undirected
75,733,1,Undirected
75,758,1,Undirected
75,526,1,Undirected
76,74,1,Undirected
76,437,1,Undirected
76,421,2,Undirected
76,493,5,Undirected
76,75,2,Undirected
77,93,2,Undirected
77,131,1,Undirected
78,7,1,Undirected
78,225,1,Undirected
78,687,1,Undirected
79,135,3,Undirected
80,457,3,Undirected
80,458,1,Undirected
81,7,1,Undirected
81,45,1,Undirected
82,212,1,Undirected
82,614,3,Undirected
83,302,4,Undirected
83,394,2,Undirected
83,519,2,Undirected
83,723,1,Undirected
83,673,2,Undirected
83,532,1,Undirected
83,298,1,Undirected
83,457,1,Undirected
83,566,4,Undirected
83,256,1,Undirected
83,285,1,Undirected
84,162,1,Undirected
84,740,1,Undirected
84,321,1,Undirected
84,615,1,Undirected
85,45,11,Undirected
85,311,1,Undirected
85,638,5,Undirected
85,89,1,Undirected
85,476,1,Undirected
85,321,1,Undirected
86,132,2,Undirected
86,19,2,Undirected
86,72,1,Undirected
86,217,2,Undirected
86,262,1,Undirected
86,609,2,Undirected
86,521,1,Undirected
86,659,1,Undirected
86,14,2,Undirected
86,284,1,Undirected
86,389,2,Undirected
86,472,1,Undirected
86,606,1,Undirected
86,781,1,Undirected
86,430,1,Undirected
86,453,1,Undirected
86,566,1,Undirected
86,692,1,Undirected
86,709,1,Undirected
87,443,5,Undirected
87,14,1,Undirected
88,117,2,Undirected
88,671,2,Undirected
89,51,2,Undirected
89,85,1,Undirected
89,638,2,Undirected
89,665,1,Undirected
90,34,2,Undirected
90,284,4,Undirected
90,287,3,Undirected
91,710,1,Undirected
92,500,1,Undirected
93,77,2,Undirected
93,65,2,Undirected
93,660,1,Undirected
93,694,1,Undirected
94,7,1,Undirected
94,781,1,Undirected
94,215,1,Undirected
94,283,1,Undirected
94,740,1,Undirected
94,654,1,Undirected
94,599,1,Undirected
95,361,3,Undirected
95,527,1,Undirected
95,371,1,Undirected
95,297,1,Undirected
95,308,1,Undirected
95,809,1,Undirected
95,217,1,Undirected
96,50,1,Undirected
97,394,1,Undirected
98,143,1,Undirected
99,191,1,Undirected
99,215,2,Undirected
99,283,1,Undirected
99,86,1,Undirected
100,11,1,Undirected
100,807,1,Undirected
100,335,1,Undirected
100,498,1,Undirected
101,662,1,Undirected
101,299,1,Undirected
101,113,1,Undirected
102,321,1,Undirected
103,513,2,Undirected
103,809,1,Undirected
104,229,1,Undirected
104,293,1,Undirected
105,422,1,Undirected
106,30,1,Undirected
106,180,1,Undirected
107,599,2,Undirected
108,789,1,Undirected
108,249,1,Undirected
108,712,1,Undirected
109,131,1,Undirected
109,65,1,Undirected
109,198,2,Undirected
109,321,1,Undirected
109,408,1,Undirected
110,535,1,Undirected
111,7,2,Undirected
112,343,1,Undirected
112,809,1,Undirected
112,16,1,Undirected
112,51,2,Undirected
112,60,2,Undirected
112,342,1,Undirected
112,479,1,Undirected
112,35,2,Undirected
112,453,1,Undirected
112,566,1,Undirected
112,641,2,Undirected
112,729,1,Undirected
112,207,1,Undirected
112,532,1,Undirected
113,13,1,Undirected
113,525,1,Undirected
113,139,1,Undirected
113,373,1,Undirected
113,614,1,Undirected
113,75,1,Undirected
113,796,1,Undirected
113,527,1,Undirected
113,393,1,Undirected
114,12,2,Undirected
114,389,1,Undirected
115,729,1,Undirected
115,777,1,Undirected
115,794,1,Undirected
116,237,1,Undirected
116,266,3,Undirected
116,267,2,Undirected
116,444,1,Undirected
116,652,1,Undirected
116,701,2,Undirected
116,730,1,Undirected
116,26,2,Undirected
116,343,2,Undirected
116,217,1,Undirected
117,780,1,Undirected
117,88,2,Undirected
117,178,1,Undirected
117,482,1,Undirected
117,719,1,Undirected
118,607,2,Undirected
119,154,1,Undirected
119,471,1,Undirected
119,575,1,Undirected
119,586,4,Undirected
119,731,3,Undirected
119,73,2,Undirected
119,234,1,Undirected
119,370,1,Undirected
119,418,1,Undirected
119,45,1,Undirected
120,627,1,Undirected
121,554,3,Undirected
122,776,1,Undirected
123,361,2,Undirected
124,645,1,Undirected
125,789,1,Undirected
125,289,2,Undirected
125,570,1,Undirected
125,553,1,Undirected
125,629,2,Undirected
126,570,1,Undirected
127,298,2,Undirected
127,430,1,Undirected
127,326,1,Undirected
128,217,1,Undirected
128,498,1,Undirected
128,652,1,Undirected
128,657,3,Undirected
128,371,1,Undirected
128,377,1,Undirected
129,7,1,Undirected
129,170,1,Undirected
129,111,1,Undirected
129,694,1,Undirected
130,139,1,Undirected
130,253,1,Undirected
130,141,1,Undirected
130,326,2,Undirected
130,645,1,Undirected
130,321,1,Undirected
130,335,1,Undirected
130,457,2,Undirected
130,595,1,Undirected
130,361,1,Undirected
130,770,1,Undirected
130,298,1,Undirected
130,566,1,Undirected
130,206,1,Undirected
130,329,1,Undirected
131,109,1,Undirected
131,179,1,Undirected
131,401,1,Undirected
131,413,1,Undirected
131,566,7,Undirected
131,582,1,Undirected
131,758,2,Undirected
131,77,1,Undirected
131,64,1,Undirected
131,74,1,Undirected
131,176,1,Undirected
131,321,1,Undirected
131,453,1,Undirected
131,611,1,Undirected
131,614,2,Undirected
131,636,1,Undirected
131,658,2,Undirected
131,809,2,Undirected
131,225,1,Undirected
131,333,1,Undirected
131,796,1,Undirected
131,526,1,Undirected
131,75,1,Undirected
131,686,1,Undirected
132,86,2,Undirected
132,73,3,Undirected
132,581,1,Undirected
132,201,1,Undirected
132,614,1,Undirected
132,694,1,Undirected
133,526,1,Undirected
133,222,1,Undirected
133,329,1,Undirected
133,395,1,Undirected
133,542,2,Undirected
133,555,1,Undirected
133,729,3,Undirected
133,806,1,Undirected
133,299,1,Undirected
133,614,1,Undirected
134,809,1,Undirected
134,686,1,Undirected
135,79,3,Undirected
136,526,1,Undirected
136,625,1,Undirected
136,720,1,Undirected
136,151,1,Undirected
136,322,1,Undirected
137,778,1,Undirected
137,701,1,Undirected
137,73,2,Undirected
137,192,1,Undirected
137,316,1,Undirected
137,615,1,Undirected
137,139,1,Undirected
137,193,1,Undirected
137,201,1,Undirected
137,218,3,Undirected
137,297,1,Undirected
137,308,1,Undirected
137,321,1,Undirected
137,335,1,Undirected
137,336,2,Undirected
137,418,1,Undirected
137,422,1,Undirected
137,176,1,Undirected
137,686,1,Undirected
137,809,1,Undirected
137,644,2,Undirected
138,361,1,Undirected
139,130,1,Undirected
139,184,1,Undirected
139,278,4,Undirected
139,358,1,Undirected
139,395,1,Undirected
139,599,1,Undirected
139,601,1,Undirected
139,614,2,Undirected
139,627,3,Undirected
139,651,1,Undirected
139,626,2,Undirected
139,740,1,Undirected
139,137,1,Undirected
139,113,1,Undirected
139,256,1,Undirected
139,332,2,Undirected
139,176,1,Undirected
139,757,2,Undirected
139,758,1,Undirected
139,426,1,Undirected
139,566,1,Undirected
139,542,1,Undirected
139,32,1,Undirected
139,326,1,Undirected
139,306,1,Undirected
140,802,2,Undirected
141,130,1,Undirected
141,206,1,Undirected
141,292,2,Undirected
141,298,1,Undirected
141,356,1,Undirected
141,430,1,Undirected
141,395,1,Undirected
141,539,1,Undirected
142,406,3,Undirected
143,98,1,Undirected
144,699,1,Undirected
145,7,1,Undirected
146,789,1,Undirected
146,176,1,Undirected
147,672,5,Undirected
148,468,1,Undirected
148,515,1,Undirected
148,574,1,Undirected
149,782,1,Undirected
150,45,2,Undirected
150,321,1,Undirected
151,686,1,Undirected
152,321,2,Undirected
153,568,1,Undirected
154,119,1,Undirected
154,273,4,Undirected
154,13,1,Undirected
154,731,1,Undirected
155,198,1,Undirected
156,299,1,Undirected
156,22,1,Undirected
157,568,1,Undirected
158,63,1,Undirected
158,717,1,Undirected
159,328,1,Undirected
159,524,5,Undirected
159,599,5,Undirected
160,225,1,Undirected
160,758,1,Undirected
160,323,4,Undirected
160,513,2,Undirected
160,614,1,Undirected
160,676,1,Undirected
160,680,1,Undirected
160,453,1,Undirected
160,542,1,Undirected
160,720,1,Undirected
160,13,1,Undirected
160,526,3,Undirected
160,285,1,Undirected
160,299,1,Undirected
160,75,1,Undirected
161,513,1,Undirected
162,283,1,Undirected
162,321,1,Undirected
162,658,1,Undirected
162,740,1,Undirected
162,84,1,Undirected
163,236,4,Undirected
164,533,5,Undirected
164,758,1,Undirected
165,285,2,Undirected
165,67,1,Undirected
166,521,1,Undirected
167,184,1,Undirected
168,32,2,Undirected
168,566,1,Undirected
168,207,1,Undirected
168,16,1,Undirected
168,73,1,Undirected
168,238,2,Undirected
168,335,1,Undirected
168,457,1,Undirected
168,458,1,Undirected
168,465,1,Undirected
168,267,1,Undirected
168,326,1,Undirected
168,809,1,Undirected
168,781,1,Undirected
168,463,1,Undirected
168,667,1,Undirected
168,418,1,Undirected
168,22,1,Undirected
169,199,1,Undirected
170,129,1,Undirected
170,225,1,Undirected
171,705,1,Undirected
172,484,1,Undirected
173,210,2,Undirected
173,714,3,Undirected
173,673,1,Undirected
174,41,2,Undirected
175,506,1,Undirected
175,786,1,Undirected
175,41,2,Undirected
175,176,1,Undirected
175,746,1,Undirected
176,23,1,Undirected
176,343,1,Undirected
176,75,6,Undirected
176,131,1,Undirected
176,139,1,Undirected
176,193,7,Undirected
176,323,2,Undirected
176,321,3,Undirected
176,299,3,Undirected
176,178,1,Undirected
176,566,2,Undirected
176,303,2,Undirected
176,335,1,Undirected
176,789,2,Undirected
176,418,1,Undirected
176,458,1,Undirected
176,373,1,Undirected
176,41,1,Undirected
176,290,1,Undirected
176,560,1,Undirected
176,694,1,Undirected
176,678,3,Undirected
176,758,5,Undirected
176,423,1,Undirected
176,465,1,Undirected
176,484,3,Undirected
176,45,1,Undirected
176,137,1,Undirected
176,322,2,Undirected
176,568,2,Undirected
176,615,1,Undirected
176,783,1,Undirected
176,256,1,Undirected
176,538,1,Undirected
176,761,6,Undirected
176,526,2,Undirected
176,533,3,Undirected
176,540,1,Undirected
176,13,1,Undirected
176,509,1,Undirected
176,580,1,Undirected
176,667,1,Undirected
176,666,1,Undirected
176,757,1,Undirected
176,796,1,Undirected
176,257,1,Undirected
176,809,1,Undirected
177,761,1,Undirected
177,201,1,Undirected
177,369,1,Undirected
177,238,1,Undirected
177,297,1,Undirected
177,368,1,Undirected
177,378,1,Undirected
177,484,1,Undirected
177,611,2,Undirected
177,765,2,Undirected
177,465,4,Undirected
177,489,1,Undirected
177,277,1,Undirected
177,296,1,Undirected
177,361,1,Undirected
177,670,1,Undirected
177,757,6,Undirected
177,540,2,Undirected
177,541,1,Undirected
177,381,1,Undirected
177,688,1,Undirected
177,636,2,Undirected
177,436,1,Undirected
177,478,1,Undirected
177,755,1,Undirected
177,756,1,Undirected
177,744,1,Undirected
177,785,1,Undirected
178,780,2,Undirected
178,117,1,Undirected
178,252,2,Undirected
178,287,2,Undirected
178,499,1,Undirected
178,723,2,Undirected
178,719,1,Undirected
178,745,6,Undirected
178,262,1,Undirected
178,217,2,Undirected
178,453,1,Undirected
178,498,1,Undirected
178,740,1,Undirected
178,457,1,Undirected
178,176,1,Undirected
178,526,1,Undirected
178,482,1,Undirected
178,253,1,Undirected
178,729,2,Undirected
179,131,1,Undirected
180,30,1,Undirected
180,106,1,Undirected
180,542,4,Undirected
180,543,4,Undirected
180,559,1,Undirected
180,326,1,Undirected
180,218,1,Undirected
181,776,4,Undirected
182,75,2,Undirected
183,293,1,Undirected
183,319,1,Undirected
183,322,1,Undirected
184,39,1,Undirected
184,139,1,Undirected
184,167,1,Undirected
184,651,1,Undirected
184,682,1,Undirected
185,309,1,Undirected
185,75,1,Undirected
186,377,1,Undirected
187,767,1,Undirected
188,368,1,Undirected
189,692,2,Undirected
189,22,1,Undirected
189,99,1,Undirected
189,283,1,Undirected
189,395,2,Undirected
189,641,1,Undirected
190,199,1,Undirected
191,22,1,Undirected
191,99,1,Undirected
192,703,5,Undirected
192,335,4,Undirected
192,137,1,Undirected
193,137,1,Undirected
193,375,1,Undirected
193,257,1,Undirected
193,484,2,Undirected
193,509,4,Undirected
193,540,2,Undirected
193,584,1,Undirected
193,670,1,Undirected
193,700,1,Undirected
193,748,1,Undirected
193,176,7,Undirected
193,489,1,Undirected
193,335,1,Undirected
193,765,1,Undirected
193,501,1,Undirected
193,299,1,Undirected
193,453,1,Undirected
193,632,1,Undirected
193,636,1,Undirected
193,758,2,Undirected
194,766,3,Undirected
195,640,1,Undirected
196,756,1,Undirected
196,798,1,Undirected
197,41,1,Undirected
198,155,1,Undirected
198,109,2,Undirected
198,592,3,Undirected
198,582,1,Undirected
198,615,1,Undirected
199,190,1,Undirected
199,523,1,Undirected
199,477,1,Undirected
199,516,2,Undirected
201,16,1,Undirected
201,177,1,Undirected
201,132,1,Undirected
201,757,2,Undirected
201,137,1,Undirected
201,27,1,Undirected
201,372,4,Undirected
201,667,1,Undirected
201,684,2,Undirected
201,463,1,Undirected
201,48,1,Undirected
201,611,1,Undirected
201,646,1,Undirected
201,533,1,Undirected
201,202,1,Undirected
202,201,1,Undirected
202,794,2,Undirected
203,33,1,Undirected
203,776,2,Undirected
203,645,2,Undirected
203,778,1,Undirected
203,300,1,Undirected
204,33,2,Undirected
205,253,5,Undirected
205,627,2,Undirected
206,141,1,Undirected
206,430,1,Undirected
206,130,1,Undirected
207,568,1,Undirected
207,519,1,Undirected
207,630,2,Undirected
207,623,1,Undirected
207,750,1,Undirected
207,321,1,Undirected
207,281,2,Undirected
207,663,1,Undirected
207,740,1,Undirected
207,112,1,Undirected
207,665,1,Undirected
207,351,1,Undirected
207,373,1,Undirected
207,168,1,Undirected
207,809,1,Undirected
207,253,1,Undirected
208,753,1,Undirected
209,217,1,Undirected
209,693,1,Undirected
210,533,1,Undirected
210,566,2,Undirected
210,173,1,Undirected
210,351,1,Undirected
210,394,1,Undirected
210,453,3,Undirected
210,686,1,Undirected
210,714,2,Undirected
210,673,1,Undirected
210,32,1,Undirected
210,217,2,Undirected
210,321,1,Undirected
210,323,1,Undirected
210,422,1,Undirected
210,542,1,Undirected
210,614,1,Undirected
210,615,1,Undirected
210,297,1,Undirected
210,569,1,Undirected
210,13,1,Undirected
211,440,2,Undirected
212,547,1,Undirected
212,82,2,Undirected
212,614,1,Undirected
213,663,1,Undirected
213,673,2,Undirected
214,662,1,Undirected
214,35,1,Undirected
214,32,1,Undirected
214,781,1,Undirected
214,287,1,Undirected
214,326,1,Undirected
214,418,1,Undirected
214,393,1,Undirected
214,465,1,Undirected
214,532,1,Undirected
214,566,3,Undirected
214,73,1,Undirected
214,321,2,Undirected
214,22,1,Undirected
214,218,1,Undirected
214,770,1,Undirected
214,575,1,Undirected
215,94,1,Undirected
215,99,2,Undirected
215,277,4,Undirected
215,524,1,Undirected
216,373,1,Undirected
217,13,1,Undirected
217,86,2,Undirected
217,238,1,Undirected
217,280,9,Undirected
217,587,2,Undirected
217,695,4,Undirected
217,662,7,Undirected
217,11,1,Undirected
217,19,2,Undirected
217,128,2,Undirected
217,209,1,Undirected
217,266,1,Undirected
217,263,1,Undirected
217,267,1,Undirected
217,308,1,Undirected
217,338,1,Undirected
217,359,1,Undirected
217,371,1,Undirected
217,414,2,Undirected
217,521,3,Undirected
217,556,1,Undirected
217,589,5,Undirected
217,652,6,Undirected
217,653,1,Undirected
217,657,5,Undirected
217,764,1,Undirected
217,26,3,Undirected
217,277,1,Undirected
217,597,2,Undirected
217,210,2,Undirected
217,22,1,Undirected
217,46,1,Undirected
217,781,2,Undirected
217,178,2,Undirected
217,260,1,Undirected
217,336,1,Undirected
217,441,1,Undirected
217,685,3,Undirected
217,476,2,Undirected
217,431,1,Undirected
217,774,1,Undirected
217,701,1,Undirected
217,318,1,Undirected
217,768,1,Undirected
217,321,1,Undirected
217,95,1,Undirected
217,50,1,Undirected
217,116,1,Undirected
217,422,1,Undirected
217,20,1,Undirected
217,361,1,Undirected
217,595,1,Undirected
217,637,1,Undirected
217,717,1,Undirected
217,532,2,Undirected
217,647,2,Undirected
217,343,1,Undirected
217,727,1,Undirected
217,393,1,Undirected
218,137,2,Undirected
218,767,1,Undirected
218,768,2,Undirected
218,73,3,Undirected
218,263,2,Undirected
218,652,1,Undirected
218,16,1,Undirected
218,13,1,Undirected
218,604,1,Undirected
218,343,1,Undirected
218,335,2,Undirected
218,361,2,Undirected
218,607,1,Undirected
218,701,1,Undirected
218,632,1,Undirected
218,726,1,Undirected
218,267,1,Undirected
218,371,1,Undirected
218,214,1,Undirected
218,180,1,Undirected
218,809,1,Undirected
219,366,1,Undirected
219,787,1,Undirected
220,32,4,Undirected
221,809,1,Undirected
222,133,1,Undirected
225,131,1,Undirected
225,321,4,Undirected
225,45,3,Undirected
225,78,1,Undirected
225,170,1,Undirected
225,312,1,Undirected
225,357,1,Undirected
225,641,2,Undirected
225,708,3,Undirected
225,23,1,Undirected
225,599,2,Undirected
225,528,1,Undirected
225,160,1,Undirected
225,267,1,Undirected
225,740,1,Undirected
226,488,1,Undirected
227,10,2,Undirected
227,520,1,Undirected
227,704,1,Undirected
228,75,1,Undirected
229,322,2,Undirected
229,533,1,Undirected
229,720,1,Undirected
229,75,1,Undirected
230,352,2,Undirected
230,787,2,Undirected
231,710,1,Undirected
231,737,1,Undirected
232,471,1,Undirected
233,294,1,Undirected
233,286,1,Undirected
233,439,1,Undirected
234,119,1,Undirected
234,731,1,Undirected
235,706,1,Undirected
235,261,1,Undirected
235,20,1,Undirected
236,453,1,Undirected
236,163,3,Undirected
237,116,2,Undirected
237,713,1,Undirected
238,217,1,Undirected
238,373,1,Undirected
238,707,1,Undirected
238,32,1,Undirected
238,168,2,Undirected
238,353,1,Undirected
238,422,2,Undirected
238,177,1,Undirected
238,492,1,Undirected
238,566,1,Undirected
238,75,1,Undirected
238,642,1,Undirected
238,321,1,Undirected
238,378,1,Undirected
239,449,2,Undirected
239,566,2,Undirected
240,502,1,Undirected
240,476,1,Undirected
240,615,3,Undirected
240,678,1,Undirected
240,796,1,Undirected
240,321,3,Undirected
240,568,1,Undirected
241,524,1,Undirected
241,739,3,Undirected
242,297,1,Undirected
242,373,1,Undirected
243,465,1,Undirected
243,580,2,Undirected
243,756,1,Undirected
244,476,1,Undirected
244,706,1,Undirected
245,782,3,Undirected
245,591,1,Undirected
245,656,2,Undirected
245,684,1,Undirected
246,325,4,Undirected
247,149,1,Undirected
247,526,2,Undirected
248,139,1,Undirected
248,285,2,Undirected
248,627,2,Undirected
249,108,1,Undirected
249,399,1,Undirected
249,789,1,Undirected
250,382,2,Undirected
251,408,1,Undirected
252,178,2,Undirected
252,466,5,Undirected
252,719,3,Undirected
253,130,1,Undirected
253,377,1,Undirected
253,299,1,Undirected
253,205,5,Undirected
253,285,1,Undirected
253,332,1,Undirected
253,627,5,Undirected
253,796,1,Undirected
253,28,1,Undirected
253,335,1,Undirected
253,343,2,Undirected
253,333,1,Undirected
253,16,1,Undirected
253,558,2,Undirected
253,615,1,Undirected
253,178,1,Undirected
253,207,1,Undirected
253,26,1,Undirected
254,45,1,Undirected
256,75,3,Undirected
256,375,2,Undirected
256,176,1,Undirected
256,23,2,Undirected
256,296,2,Undirected
256,423,4,Undirected
256,432,2,Undirected
256,398,3,Undirected
256,579,1,Undirected
256,700,2,Undirected
256,139,1,Undirected
256,541,1,Undirected
256,380,1,Undirected
256,453,1,Undirected
256,299,3,Undirected
256,599,3,Undirected
256,614,2,Undirected
256,619,1,Undirected
256,678,2,Undirected
256,463,1,Undirected
256,16,1,Undirected
256,575,1,Undirected
256,83,1,Undirected
256,761,1,Undirected
256,809,1,Undirected
257,193,1,Undirected
257,364,2,Undirected
257,510,1,Undirected
257,584,1,Undirected
257,757,2,Undirected
257,756,2,Undirected
257,176,1,Undirected
258,764,2,Undirected
259,11,1,Undirected
259,377,1,Undirected
259,764,1,Undirected
260,458,2,Undirected
260,453,2,Undirected
260,524,1,Undirected
260,487,1,Undirected
260,609,2,Undirected
260,217,1,Undirected
261,235,1,Undirected
261,373,1,Undirected
262,22,1,Undirected
262,86,1,Undirected
262,377,2,Undirected
262,389,2,Undirected
262,376,1,Undirected
263,662,1,Undirected
263,218,2,Undirected
263,217,1,Undirected
263,276,2,Undirected
264,511,5,Undirected
264,645,1,Undirected
265,377,1,Undirected
266,116,3,Undirected
266,267,5,Undirected
266,429,2,Undirected
266,652,1,Undirected
266,217,1,Undirected
267,218,1,Undirected
267,116,2,Undirected
267,217,1,Undirected
267,266,5,Undirected
267,318,1,Undirected
267,359,1,Undirected
267,340,6,Undirected
267,459,5,Undirected
267,525,1,Undirected
267,394,1,Undirected
267,168,1,Undirected
267,225,1,Undirected
267,526,1,Undirected
268,492,1,Undirected
269,720,1,Undirected
270,625,1,Undirected
271,521,1,Undirected
271,544,2,Undirected
272,796,1,Undirected
272,73,1,Undirected
272,615,1,Undirected
272,321,1,Undirected
272,75,1,Undirected
272,361,2,Undirected
272,373,1,Undirected
272,540,1,Undirected
273,154,5,Undirected
274,13,1,Undirected
274,33,1,Undirected
274,326,1,Undirected
275,7,1,Undirected
275,641,1,Undirected
276,263,2,Undirected
277,61,1,Undirected
277,217,1,Undirected
277,215,4,Undirected
277,353,1,Undirected
277,342,2,Undirected
277,417,4,Undirected
277,419,1,Undirected
277,524,1,Undirected
277,599,12,Undirected
277,300,1,Undirected
277,321,1,Undirected
277,332,1,Undirected
277,373,1,Undirected
277,177,1,Undirected
277,225,1,Undirected
277,566,1,Undirected
278,139,3,Undirected
278,627,2,Undirected
278,542,1,Undirected
279,321,1,Undirected
280,217,9,Undirected
280,307,1,Undirected
280,428,1,Undirected
280,498,1,Undirected
280,566,10,Undirected
280,299,1,Undirected
280,589,1,Undirected
280,587,2,Undirected
280,693,1,Undirected
281,464,5,Undirected
281,207,1,Undirected
281,422,1,Undirected
282,33,4,Undirected
282,776,1,Undirected
283,45,2,Undirected
283,94,1,Undirected
283,99,1,Undirected
283,162,1,Undirected
283,189,1,Undirected
283,408,1,Undirected
283,708,1,Undirected
284,90,4,Undirected
284,86,1,Undirected
284,287,2,Undirected
284,457,2,Undirected
284,472,3,Undirected
284,561,4,Undirected
284,716,1,Undirected
284,691,1,Undirected
284,45,1,Undirected
284,781,1,Undirected
284,389,1,Undirected
285,248,1,Undirected
285,253,2,Undirected
285,330,3,Undirected
285,358,1,Undirected
285,627,1,Undirected
285,686,1,Undirected
285,694,1,Undirected
285,67,2,Undirected
285,62,2,Undirected
285,165,1,Undirected
285,178,1,Undirected
285,391,2,Undirected
285,805,1,Undirected
285,801,1,Undirected
285,83,1,Undirected
285,626,1,Undirected
285,160,1,Undirected
285,526,1,Undirected
286,233,1,Undirected
287,482,2,Undirected
287,343,1,Undirected
287,35,3,Undirected
287,73,2,Undirected
287,376,1,Undirected
287,178,2,Undirected
287,45,1,Undirected
287,49,1,Undirected
287,90,2,Undirected
287,781,1,Undirected
287,284,2,Undirected
287,453,8,Undirected
287,532,2,Undirected
287,554,3,Undirected
287,558,5,Undirected
287,723,1,Undirected
287,719,2,Undirected
287,745,1,Undirected
287,13,1,Undirected
287,214,1,Undirected
287,297,1,Undirected
287,422,3,Undirected
287,575,1,Undirected
287,614,2,Undirected
287,686,1,Undirected
287,694,1,Undirected
287,768,1,Undirected
287,809,3,Undirected
287,526,1,Undirected
287,316,1,Undirected
287,457,1,Undirected
287,311,1,Undirected
287,761,1,Undirected
288,740,2,Undirected
289,789,3,Undirected
289,462,4,Undirected
289,553,3,Undirected
290,789,1,Undirected
290,577,1,Undirected
290,758,2,Undirected
290,686,1,Undirected
291,323,1,Undirected
291,720,1,Undirected
291,800,1,Undirected
292,141,2,Undirected
293,104,1,Undirected
293,233,1,Undirected
293,291,1,Undirected
293,315,1,Undirected
293,183,1,Undirected
293,368,1,Undirected
293,439,1,Undirected
293,625,1,Undirected
293,758,2,Undirected
294,789,6,Undirected
294,233,1,Undirected
294,368,3,Undirected
294,461,2,Undirected
294,553,1,Undirected
294,650,2,Undirected
294,742,5,Undirected
294,758,2,Undirected
294,686,2,Undirected
294,790,1,Undirected
294,796,1,Undirected
295,582,1,Undirected
295,615,1,Undirected
296,256,2,Undirected
296,613,1,Undirected
296,748,2,Undirected
296,177,1,Undirected
296,761,1,Undirected
297,321,3,Undirected
297,444,1,Undirected
297,343,2,Undirected
297,242,1,Undirected
297,575,1,Undirected
297,20,1,Undirected
297,301,1,Undirected
297,473,1,Undirected
297,564,4,Undirected
297,566,2,Undirected
297,705,1,Undirected
297,95,1,Undirected
297,418,1,Undirected
297,453,2,Undirected
297,615,1,Undirected
297,75,1,Undirected
297,686,1,Undirected
297,685,2,Undirected
297,761,2,Undirected
297,492,1,Undirected
297,177,1,Undirected
297,365,1,Undirected
297,422,1,Undirected
297,35,1,Undirected
297,287,1,Undirected
298,130,1,Undirected
298,781,1,Undirected
298,321,1,Undirected
298,11,1,Undirected
298,141,1,Undirected
298,127,2,Undirected
298,661,2,Undirected
298,696,1,Undirected
298,83,1,Undirected
298,326,1,Undirected
298,453,2,Undirected
298,614,1,Undirected
299,75,2,Undirected
299,758,1,Undirected
299,525,1,Undirected
299,73,3,Undirected
299,300,1,Undirected
299,176,3,Undirected
299,253,1,Undirected
299,323,1,Undirected
299,256,3,Undirected
299,783,1,Undirected
299,626,1,Undirected
299,133,1,Undirected
299,13,1,Undirected
299,326,1,Undirected
299,193,1,Undirected
299,430,2,Undirected
299,809,2,Undirected
299,332,3,Undirected
299,767,1,Undirected
299,156,1,Undirected
299,280,1,Undirected
299,441,1,Undirected
299,428,2,Undirected
299,566,2,Undirected
299,587,1,Undirected
299,652,1,Undirected
299,657,1,Undirected
299,26,1,Undirected
299,614,4,Undirected
299,16,1,Undirected
299,101,1,Undirected
299,160,1,Undirected
299,686,2,Undirected
299,761,3,Undirected
299,453,1,Undirected
299,486,2,Undirected
299,796,2,Undirected
299,533,1,Undirected
299,465,1,Undirected
299,356,1,Undirected
299,378,1,Undirected
300,299,1,Undirected
300,203,1,Undirected
300,614,2,Undirected
300,326,2,Undirected
300,73,1,Undirected
300,277,1,Undirected
300,453,1,Undirected
300,542,1,Undirected
300,332,2,Undirected
300,651,1,Undirected
301,297,1,Undirected
302,83,4,Undirected
302,394,1,Undirected
302,647,1,Undirected
302,554,1,Undirected
303,35,1,Undirected
303,45,1,Undirected
303,176,2,Undirected
303,321,2,Undirected
304,568,2,Undirected
304,706,1,Undirected
304,422,1,Undirected
304,685,1,Undirected
305,430,2,Undirected
305,701,3,Undirected
306,139,1,Undirected
306,343,1,Undirected
306,463,1,Undirected
306,757,2,Undirected
306,729,1,Undirected
307,280,1,Undirected
307,521,1,Undirected
308,217,1,Undirected
308,653,3,Undirected
308,73,1,Undirected
308,13,2,Undirected
308,16,1,Undirected
308,22,1,Undirected
308,32,1,Undirected
308,137,1,Undirected
308,778,1,Undirected
308,95,1,Undirected
308,321,1,Undirected
308,422,1,Undirected
308,637,1,Undirected
308,774,1,Undirected
308,453,1,Undirected
308,615,1,Undirected
309,185,1,Undirected
311,85,1,Undirected
311,358,1,Undirected
311,408,1,Undirected
311,740,2,Undirected
311,343,1,Undirected
311,453,1,Undirected
311,599,2,Undirected
311,614,1,Undirected
311,654,1,Undirected
311,321,1,Undirected
311,809,2,Undirected
311,35,2,Undirected
311,287,1,Undirected
311,615,1,Undirected
312,277,1,Undirected
313,408,3,Undirected
314,13,2,Undirected
315,293,1,Undirected
315,75,1,Undirected
316,287,1,Undirected
316,32,1,Undirected
316,137,1,Undirected
316,237,1,Undirected
316,359,1,Undirected
316,335,2,Undirected
316,361,1,Undirected
316,459,3,Undirected
316,652,3,Undirected
316,73,1,Undirected
318,32,1,Undirected
318,267,1,Undirected
318,340,7,Undirected
318,217,2,Undirected
319,75,1,Undirected
320,809,2,Undirected
321,443,1,Undirected
321,45,1,Undirected
321,783,1,Undirected
321,32,2,Undirected
321,152,2,Undirected
321,393,1,Undirected
321,84,1,Undirected
321,131,1,Undirected
321,225,4,Undirected
321,498,1,Undirected
321,298,1,Undirected
321,176,3,Undirected
321,207,1,Undirected
321,615,8,Undirected
321,214,2,Undirected
321,323,1,Undirected
321,686,1,Undirected
321,51,3,Undirected
321,272,1,Undirected
321,526,6,Undirected
321,7,1,Undirected
321,102,1,Undirected
321,109,1,Undirected
321,150,1,Undirected
321,162,1,Undirected
321,297,3,Undirected
321,279,1,Undirected
321,351,1,Undirected
321,476,3,Undirected
321,533,1,Undirected
321,630,2,Undirected
321,667,2,Undirected
321,666,2,Undirected
321,519,1,Undirected
321,575,1,Undirected
321,343,1,Undirected
321,718,2,Undirected
321,568,3,Undirected
321,614,2,Undirected
321,13,1,Undirected
321,130,1,Undirected
321,210,1,Undirected
321,240,3,Undirected
321,371,1,Undirected
321,277,1,Undirected
321,311,1,Undirected
321,342,1,Undirected
321,336,1,Undirected
321,361,1,Undirected
321,394,1,Undirected
321,333,1,Undirected
321,453,4,Undirected
321,566,7,Undirected
321,607,1,Undirected
321,611,1,Undirected
321,617,2,Undirected
321,641,4,Undirected
321,647,3,Undirected
321,674,2,Undirected
321,756,1,Undirected
321,809,3,Undirected
321,759,1,Undirected
321,599,1,Undirected
321,238,1,Undirected
321,378,1,Undirected
321,308,1,Undirected
321,638,3,Undirected
321,532,1,Undirected
321,332,1,Undirected
321,326,1,Undirected
321,740,1,Undirected
321,701,1,Undirected
321,21,1,Undirected
322,789,2,Undirected
322,513,2,Undirected
322,533,1,Undirected
322,75,4,Undirected
322,418,1,Undirected
322,453,1,Undirected
322,299,1,Undirected
322,720,2,Undirected
322,42,1,Undirected
322,104,1,Undirected
322,229,1,Undirected
322,183,1,Undirected
322,758,1,Undirected
322,136,1,Undirected
322,176,1,Undirected
322,686,2,Undirected
322,783,1,Undirected
323,566,1,Undirected
323,48,1,Undirected
323,176,2,Undirected
323,321,1,Undirected
323,796,2,Undirected
323,16,3,Undirected
323,136,1,Undirected
323,291,1,Undirected
323,625,1,Undirected
323,160,3,Undirected
323,430,1,Undirected
323,399,1,Undirected
323,616,1,Undirected
323,593,1,Undirected
323,649,1,Undirected
323,736,1,Undirected
323,804,1,Undirected
323,526,2,Undirected
323,210,1,Undirected
323,614,1,Undirected
323,553,1,Undirected
323,299,1,Undirected
323,758,1,Undirected
323,761,1,Undirected
324,488,1,Undirected
325,246,4,Undirected
326,761,1,Undirected
326,525,2,Undirected
326,130,2,Undirected
326,475,1,Undirected
326,645,1,Undirected
326,300,2,Undirected
326,32,1,Undirected
326,214,1,Undirected
326,298,1,Undirected
326,73,1,Undirected
326,335,2,Undirected
326,332,2,Undirected
326,542,2,Undirected
326,599,2,Undirected
326,614,1,Undirected
326,654,1,Undirected
326,770,1,Undirected
326,343,2,Undirected
326,168,1,Undirected
326,127,1,Undirected
326,274,1,Undirected
326,430,1,Undirected
326,139,1,Undirected
326,299,1,Undirected
326,180,1,Undirected
326,361,1,Undirected
326,651,1,Undirected
326,321,2,Undirected
326,767,1,Undirected
326,809,1,Undirected
327,511,6,Undirected
328,159,1,Undirected
328,599,2,Undirected
328,654,2,Undirected
328,566,1,Undirected
329,22,1,Undirected
329,133,1,Undirected
329,356,1,Undirected
329,395,1,Undirected
329,542,1,Undirected
329,681,1,Undirected
329,130,1,Undirected
330,285,3,Undirected
330,627,1,Undirected
330,639,2,Undirected
330,740,1,Undirected
330,754,1,Undirected
331,14,1,Undirected
332,28,1,Undirected
332,457,1,Undirected
332,16,1,Undirected
332,300,3,Undirected
332,326,2,Undirected
332,651,2,Undirected
332,299,3,Undirected
332,62,5,Undirected
332,526,2,Undirected
332,253,1,Undirected
332,542,1,Undirected
332,543,1,Undirected
332,599,1,Undirected
332,343,1,Undirected
332,31,1,Undirected
332,139,2,Undirected
332,277,1,Undirected
332,566,1,Undirected
332,614,1,Undirected
332,721,2,Undirected
332,709,1,Undirected
332,321,1,Undirected
333,131,1,Undirected
333,253,1,Undirected
333,321,1,Undirected
334,340,3,Undirected
335,809,5,Undirected
335,326,3,Undirected
335,73,4,Undirected
335,218,2,Undirected
335,13,2,Undirected
335,12,1,Undirected
335,16,1,Undirected
335,100,1,Undirected
335,192,4,Undirected
335,604,2,Undirected
335,316,2,Undirected
335,422,1,Undirected
335,457,2,Undirected
335,498,2,Undirected
335,645,1,Undirected
335,542,1,Undirected
335,575,1,Undirected
335,686,1,Undirected
335,703,2,Undirected
335,730,1,Undirected
335,720,1,Undirected
335,24,1,Undirected
335,525,2,Undirected
335,137,1,Undirected
335,130,1,Undirected
335,193,1,Undirected
335,168,1,Undirected
335,253,1,Undirected
335,176,1,Undirected
335,465,1,Undirected
335,533,1,Undirected
335,614,1,Undirected
335,683,1,Undirected
335,767,2,Undirected
335,361,1,Undirected
335,373,1,Undirected
335,22,1,Undirected
336,361,3,Undirected
336,73,2,Undirected
336,137,2,Undirected
336,217,1,Undirected
336,321,1,Undirected
336,444,1,Undirected
337,408,1,Undirected
338,217,1,Undirected
338,459,1,Undirected
339,405,4,Undirected
340,32,2,Undirected
340,267,6,Undirected
340,318,7,Undirected
340,334,3,Undirected
340,459,1,Undirected
340,545,4,Undirected
340,597,3,Undirected
340,566,1,Undirected
341,538,2,Undirected
342,112,1,Undirected
342,277,1,Undirected
342,417,5,Undirected
342,638,1,Undirected
342,665,2,Undirected
342,321,1,Undirected
342,476,1,Undirected
343,83,1,Undirected
343,176,1,Undirected
343,654,1,Undirected
343,653,1,Undirected
343,321,1,Undirected
343,378,1,Undirected
343,768,4,Undirected
343,218,1,Undirected
343,484,1,Undirected
343,297,2,Undirected
343,287,1,Undirected
343,566,2,Undirected
343,13,3,Undirected
343,781,1,Undirected
343,116,2,Undirected
343,377,2,Undirected
343,253,2,Undirected
343,306,1,Undirected
343,326,2,Undirected
343,344,1,Undirected
343,332,1,Undirected
343,430,1,Undirected
343,658,1,Undirected
343,547,1,Undirected
343,597,1,Undirected
343,701,1,Undirected
343,614,1,Undirected
343,393,1,Undirected
343,532,1,Undirected
343,740,1,Undirected
343,16,1,Undirected
343,422,1,Undirected
343,217,1,Undirected
343,73,2,Undirected
344,343,1,Undirected
344,73,1,Undirected
344,729,1,Undirected
345,578,2,Undirected
347,685,1,Undirected
348,641,1,Undirected
348,45,1,Undirected
348,57,10,Undirected
348,353,1,Undirected
348,417,2,Undirected
348,422,1,Undirected
348,36,1,Undirected
349,22,1,Undirected
349,47,2,Undirected
349,781,1,Undirected
349,609,1,Undirected
349,621,1,Undirected
350,597,1,Undirected
351,685,1,Undirected
351,207,1,Undirected
351,210,1,Undirected
351,321,1,Undirected
351,422,1,Undirected
351,599,1,Undirected
351,673,3,Undirected
351,35,1,Undirected
351,641,1,Undirected
351,663,1,Undirected
351,453,1,Undirected
351,32,2,Undirected
352,230,2,Undirected
353,45,1,Undirected
353,277,1,Undirected
353,348,1,Undirected
353,599,3,Undirected
353,238,1,Undirected
354,430,2,Undirected
355,448,1,Undirected
356,11,2,Undirected
356,22,1,Undirected
356,141,1,Undirected
356,71,2,Undirected
356,377,1,Undirected
356,329,1,Undirected
356,403,1,Undirected
356,458,2,Undirected
356,73,1,Undirected
356,422,1,Undirected
356,299,1,Undirected
357,512,2,Undirected
357,225,1,Undirected
357,617,2,Undirected
357,408,3,Undirected
357,678,1,Undirected
358,139,1,Undirected
358,285,1,Undirected
358,311,1,Undirected
358,658,1,Undirected
358,674,2,Undirected
358,759,1,Undirected
359,217,3,Undirected
359,267,1,Undirected
359,316,1,Undirected
359,441,4,Undirected
359,657,3,Undirected
360,704,1,Undirected
361,326,1,Undirected
361,13,1,Undirected
361,16,1,Undirected
361,138,1,Undirected
361,123,2,Undirected
361,95,3,Undirected
361,316,1,Undirected
361,336,3,Undirected
361,652,1,Undirected
361,75,1,Undirected
361,73,2,Undirected
361,778,1,Undirected
361,130,1,Undirected
361,116,1,Undirected
361,218,2,Undirected
361,272,2,Undirected
361,321,1,Undirected
361,177,1,Undirected
361,614,1,Undirected
361,615,1,Undirected
361,685,1,Undirected
361,809,1,Undirected
361,335,1,Undirected
361,217,1,Undirected
361,781,3,Undirected
362,394,6,Undirected
362,741,1,Undirected
362,422,1,Undirected
362,35,1,Undirected
363,597,2,Undirected
364,257,2,Undirected
365,753,1,Undirected
365,297,1,Undirected
366,219,1,Undirected
366,411,1,Undirected
367,484,2,Undirected
368,75,1,Undirected
368,148,1,Undirected
368,294,3,Undirected
368,293,1,Undirected
368,439,1,Undirected
368,468,2,Undirected
368,465,1,Undirected
368,488,1,Undirected
368,514,2,Undirected
368,547,1,Undirected
368,574,3,Undirected
368,625,1,Undirected
368,16,1,Undirected
368,18,1,Undirected
368,484,1,Undirected
368,177,1,Undirected
368,540,1,Undirected
368,809,2,Undirected
368,758,1,Undirected
368,650,1,Undirected
368,188,1,Undirected
369,789,1,Undirected
369,796,1,Undirected
369,177,1,Undirected
369,453,1,Undirected
369,686,1,Undirected
369,758,1,Undirected
370,686,3,Undirected
370,119,1,Undirected
370,667,1,Undirected
370,75,1,Undirected
371,218,1,Undirected
371,698,5,Undirected
371,217,1,Undirected
371,321,1,Undirected
371,566,2,Undirected
371,95,1,Undirected
371,128,1,Undirected
371,73,1,Undirected
371,26,1,Undirected
372,526,7,Undirected
372,201,4,Undirected
373,35,1,Undirected
373,207,1,Undirected
373,20,1,Undirected
373,449,1,Undirected
373,216,1,Undirected
373,492,1,Undirected
373,453,3,Undirected
373,176,1,Undirected
373,238,1,Undirected
373,261,1,Undirected
373,460,1,Undirected
373,113,1,Undirected
373,272,1,Undirected
373,277,1,Undirected
373,335,1,Undirected
373,566,1,Undirected
373,614,1,Undirected
373,615,1,Undirected
373,641,1,Undirected
373,809,1,Undirected
373,74,1,Undirected
373,242,1,Undirected
374,607,1,Undirected
375,23,1,Undirected
375,193,1,Undirected
375,172,1,Undirected
375,433,1,Undirected
375,484,1,Undirected
375,700,1,Undirected
375,256,2,Undirected
375,809,1,Undirected
375,75,1,Undirected
376,458,2,Undirected
376,287,1,Undirected
376,178,1,Undirected
376,262,1,Undirected
377,22,2,Undirected
377,253,1,Undirected
377,63,1,Undirected
377,259,1,Undirected
377,262,2,Undirected
377,265,1,Undirected
377,356,1,Undirected
377,403,1,Undirected
377,457,1,Undirected
377,458,7,Undirected
377,486,1,Undirected
377,603,1,Undirected
377,590,1,Undirected
377,621,2,Undirected
377,717,1,Undirected
377,764,1,Undirected
377,35,1,Undirected
377,453,1,Undirected
377,186,1,Undirected
377,32,1,Undirected
377,343,2,Undirected
377,566,2,Undirected
377,389,1,Undirected
377,128,1,Undirected
377,393,1,Undirected
377,595,1,Undirected
377,778,1,Undirected
377,781,1,Undirected
378,75,1,Undirected
378,526,1,Undirected
378,540,2,Undirected
378,423,1,Undirected
378,757,1,Undirected
378,321,1,Undirected
378,636,2,Undirected
378,611,1,Undirected
378,238,1,Undirected
378,343,1,Undirected
378,177,1,Undirected
378,299,1,Undirected
379,723,1,Undirected
379,745,1,Undirected
380,256,1,Undirected
380,453,1,Undirected
381,756,1,Undirected
381,795,1,Undirected
381,177,1,Undirected
382,250,2,Undirected
382,474,2,Undirected
382,704,2,Undirected
383,712,1,Undirected
383,758,1,Undirected
384,614,1,Undirected
384,526,8,Undirected
385,526,4,Undirected
385,453,4,Undirected
386,670,2,Undirected
386,756,2,Undirected
387,75,1,Undirected
387,463,2,Undirected
387,809,1,Undirected
388,526,7,Undirected
389,284,1,Undirected
389,12,1,Undirected
389,5,1,Undirected
389,86,2,Undirected
389,114,1,Undirected
389,262,2,Undirected
389,458,1,Undirected
389,498,3,Undirected
389,606,2,Undirected
389,697,1,Undirected
389,735,1,Undirected
389,377,1,Undirected
390,443,3,Undirected
390,521,1,Undirected
390,637,1,Undirected
391,285,2,Undirected
392,776,2,Undirected
393,321,1,Undirected
393,377,1,Undirected
393,343,1,Undirected
393,521,2,Undirected
393,35,2,Undirected
393,214,1,Undirected
393,113,1,Undirected
393,217,1,Undirected
394,706,2,Undirected
394,599,1,Undirected
394,83,1,Undirected
394,97,1,Undirected
394,210,1,Undirected
394,302,1,Undirected
394,362,6,Undirected
394,476,3,Undirected
394,620,4,Undirected
394,673,1,Undirected
394,741,2,Undirected
394,32,1,Undirected
394,267,1,Undirected
394,321,1,Undirected
394,740,1,Undirected
395,329,1,Undirected
395,141,1,Undirected
395,133,1,Undirected
395,139,1,Undirected
395,184,1,Undirected
395,189,2,Undirected
395,681,1,Undirected
396,41,1,Undirected
396,670,1,Undirected
396,758,5,Undirected
396,791,3,Undirected
397,51,9,Undirected
397,638,1,Undirected
397,66,4,Undirected
398,23,1,Undirected
398,256,3,Undirected
399,17,1,Undirected
399,67,1,Undirected
399,789,1,Undirected
399,249,1,Undirected
399,491,1,Undirected
399,796,1,Undirected
400,291,1,Undirected
400,346,1,Undirected
400,503,1,Undirected
400,450,4,Undirected
400,323,1,Undirected
401,131,1,Undirected
402,24,1,Undirected
403,356,1,Undirected
403,377,1,Undirected
403,781,1,Undirected
403,299,2,Undirected
403,767,1,Undirected
403,470,1,Undirected
404,33,8,Undirected
405,339,4,Undirected
406,142,3,Undirected
406,770,1,Undirected
407,129,1,Undirected
408,65,2,Undirected
408,7,1,Undirected
408,45,1,Undirected
408,109,1,Undirected
408,283,1,Undirected
408,313,3,Undirected
408,311,1,Undirected
408,337,1,Undirected
408,413,1,Undirected
408,740,5,Undirected
408,791,1,Undirected
408,251,1,Undirected
408,357,3,Undirected
408,617,2,Undirected
409,13,2,Undirected
410,32,4,Undirected
411,366,1,Undirected
413,131,1,Undirected
413,408,1,Undirected
413,615,2,Undirected
414,505,3,Undirected
414,693,2,Undirected
415,796,1,Undirected
416,16,1,Undirected
417,277,4,Undirected
417,342,5,Undirected
417,348,2,Undirected
417,599,1,Undirected
418,32,1,Undirected
418,75,1,Undirected
418,137,1,Undirected
418,176,3,Undirected
418,214,1,Undirected
418,297,1,Undirected
418,322,1,Undirected
418,540,1,Undirected
418,809,2,Undirected
418,119,1,Undirected
418,453,2,Undirected
418,607,1,Undirected
418,168,1,Undirected
419,225,1,Undirected
420,787,1,Undirected
421,74,1,Undirected
421,76,2,Undirected
422,16,1,Undirected
422,297,1,Undirected
422,445,2,Undirected
422,238,1,Undirected
422,343,1,Undirected
422,35,2,Undirected
422,308,2,Undirected
422,348,1,Undirected
422,351,1,Undirected
422,13,2,Undirected
422,11,2,Undirected
422,69,1,Undirected
422,105,1,Undirected
422,210,1,Undirected
422,287,3,Undirected
422,304,1,Undirected
422,566,1,Undirected
422,551,1,Undirected
422,714,2,Undirected
422,335,1,Undirected
422,362,1,Undirected
422,32,1,Undirected
422,217,1,Undirected
422,223,2,Undirected
422,599,1,Undirected
422,137,1,Undirected
422,356,1,Undirected
422,620,1,Undirected
422,532,1,Undirected
423,378,1,Undirected
423,256,4,Undirected
423,796,2,Undirected
423,23,1,Undirected
423,432,1,Undirected
423,613,4,Undirected
423,761,2,Undirected
423,176,1,Undirected
424,15,5,Undirected
425,796,1,Undirected
425,674,1,Undirected
425,658,1,Undirected
426,761,1,Undirected
426,796,1,Undirected
426,139,1,Undirected
426,809,1,Undirected
427,772,1,Undirected
428,11,1,Undirected
428,280,1,Undirected
428,566,1,Undirected
428,299,1,Undirected
429,266,2,Undirected
430,480,1,Undirected
430,326,1,Undirected
430,141,1,Undirected
430,127,1,Undirected
430,776,1,Undirected
430,206,1,Undirected
430,701,1,Undirected
430,323,1,Undirected
430,807,1,Undirected
430,354,2,Undirected
430,572,1,Undirected
430,86,1,Undirected
430,305,1,Undirected
430,335,1,Undirected
430,299,2,Undirected
430,599,2,Undirected
430,768,1,Undirected
430,343,1,Undirected
431,321,1,Undirected
431,217,1,Undirected
431,544,4,Undirected
431,218,1,Undirected
432,256,2,Undirected
432,423,2,Undirected
433,375,2,Undirected
433,700,1,Undirected
433,761,2,Undirected
434,437,1,Undirected
435,783,3,Undirected
436,501,1,Undirected
437,76,1,Undirected
437,75,1,Undirected
438,513,1,Undirected
439,293,2,Undirected
439,368,1,Undirected
439,550,1,Undirected
439,686,3,Undirected
440,211,2,Undirected
440,568,1,Undirected
441,217,3,Undirected
441,359,4,Undirected
441,299,1,Undirected
441,26,4,Undirected
442,606,1,Undirected
443,32,1,Undirected
443,87,5,Undirected
443,390,3,Undirected
443,321,1,Undirected
443,566,1,Undirected
444,569,2,Undirected
444,2,1,Undirected
444,336,1,Undirected
445,685,9,Undirected
445,422,1,Undirected
445,640,3,Undirected
446,756,1,Undirected
447,526,2,Undirected
448,355,1,Undirected
448,669,3,Undirected
449,373,1,Undirected
449,239,2,Undirected
450,400,6,Undirected
451,641,3,Undirected
452,459,4,Undirected
453,373,3,Undirected
453,574,1,Undirected
453,22,3,Undirected
453,32,1,Undirected
453,86,1,Undirected
453,112,1,Undirected
453,131,2,Undirected
453,781,6,Undirected
453,178,1,Undirected
453,193,1,Undirected
453,210,3,Undirected
453,287,8,Undirected
453,488,2,Undirected
453,297,2,Undirected
453,311,1,Undirected
453,647,2,Undirected
453,418,2,Undirected
453,385,5,Undirected
453,17,1,Undirected
453,260,1,Undirected
453,321,3,Undirected
453,463,2,Undirected
453,499,1,Undirected
453,532,2,Undirected
453,299,2,Undirected
453,599,2,Undirected
453,686,2,Undirected
453,694,2,Undirected
453,796,2,Undirected
453,377,1,Undirected
453,11,1,Undirected
453,646,1,Undirected
453,256,2,Undirected
453,298,1,Undirected
453,322,1,Undirected
453,308,1,Undirected
453,356,1,Undirected
453,380,1,Undirected
453,160,1,Undirected
453,458,1,Undirected
453,542,1,Undirected
453,547,1,Undirected
453,615,1,Undirected
453,654,1,Undirected
453,727,1,Undirected
453,757,1,Undirected
453,595,1,Undirected
453,369,1,Undirected
453,300,1,Undirected
453,457,1,Undirected
453,465,1,Undirected
453,484,1,Undirected
453,761,1,Undirected
453,641,1,Undirected
453,621,1,Undirected
454,614,2,Undirected
455,513,1,Undirected
456,460,1,Undirected
457,332,1,Undirected
457,287,1,Undirected
457,335,2,Undirected
457,80,2,Undirected
457,377,1,Undirected
457,376,2,Undirected
457,284,2,Undirected
457,389,1,Undirected
457,13,1,Undirected
457,11,1,Undirected
457,83,1,Undirected
457,130,2,Undirected
457,168,1,Undirected
457,176,1,Undirected
457,482,1,Undirected
457,614,2,Undirected
457,627,1,Undirected
457,566,1,Undirected
457,73,1,Undirected
457,178,1,Undirected
457,453,1,Undirected
457,526,1,Undirected
457,505,1,Undirected
458,22,1,Undirected
458,566,7,Undirected
458,356,2,Undirected
458,80,2,Undirected
458,63,1,Undirected
458,781,5,Undirected
458,377,8,Undirected
458,526,1,Undirected
458,260,2,Undirected
458,595,1,Undirected
458,610,1,Undirected
458,727,3,Undirected
458,662,1,Undirected
458,13,1,Undirected
458,792,1,Undirected
458,168,1,Undirected
458,453,1,Undirected
458,551,2,Undirected
458,809,2,Undirected
459,32,1,Undirected
459,267,5,Undirected
459,316,4,Undirected
459,338,1,Undirected
459,340,1,Undirected
459,452,4,Undirected
459,26,2,Undirected
459,566,1,Undirected
460,704,2,Undirected
460,456,1,Undirected
460,20,1,Undirected
460,373,1,Undirected
460,753,1,Undirected
460,10,1,Undirected
461,125,1,Undirected
461,294,1,Undirected
461,536,1,Undirected
462,789,5,Undirected
462,289,3,Undirected
462,686,3,Undirected
462,796,1,Undirected
462,758,1,Undirected
462,809,1,Undirected
463,526,3,Undirected
463,168,1,Undirected
463,201,1,Undirected
463,453,2,Undirected
463,256,1,Undirected
463,13,1,Undirected
463,73,1,Undirected
463,306,1,Undirected
463,387,2,Undirected
463,484,3,Undirected
463,684,1,Undirected
464,281,5,Undirected
465,177,4,Undirected
465,214,1,Undirected
465,368,1,Undirected
465,453,1,Undirected
465,176,1,Undirected
465,243,1,Undirected
465,580,1,Undirected
465,636,3,Undirected
465,688,3,Undirected
465,791,1,Undirected
465,613,1,Undirected
465,335,1,Undirected
465,168,1,Undirected
465,299,1,Undirected
466,252,5,Undirected
467,789,1,Undirected
467,600,1,Undirected
468,368,2,Undirected
468,686,1,Undirected
469,3,1,Undirected
469,13,6,Undirected
469,596,4,Undirected
469,738,3,Undirected
469,793,2,Undirected
471,119,1,Undirected
471,232,1,Undirected
471,634,1,Undirected
471,729,1,Undirected
472,14,2,Undirected
472,86,1,Undirected
472,284,3,Undirected
472,606,2,Undirected
472,585,1,Undirected
472,715,1,Undirected
473,297,1,Undirected
474,382,2,Undirected
475,326,1,Undirected
476,217,2,Undirected
476,685,1,Undirected
476,321,3,Undirected
476,51,1,Undirected
476,69,2,Undirected
476,85,1,Undirected
476,240,1,Undirected
476,244,1,Undirected
476,394,3,Undirected
476,568,1,Undirected
476,665,1,Undirected
476,729,1,Undirected
476,342,1,Undirected
476,534,1,Undirected
476,599,1,Undirected
476,566,1,Undirected
477,199,1,Undirected
478,489,1,Undirected
478,688,1,Undirected
478,756,1,Undirected
478,177,1,Undirected
479,112,1,Undirected
480,505,1,Undirected
481,62,1,Undirected
481,543,2,Undirected
482,178,2,Undirected
482,287,2,Undirected
482,614,1,Undirected
482,21,3,Undirected
482,117,1,Undirected
482,457,1,Undirected
482,532,1,Undirected
482,566,1,Undirected
483,28,1,Undirected
484,611,3,Undirected
484,176,3,Undirected
484,540,2,Undirected
484,193,2,Undirected
484,375,1,Undirected
484,433,1,Undirected
484,367,2,Undirected
484,724,1,Undirected
484,463,3,Undirected
484,761,3,Undirected
484,177,2,Undirected
484,368,1,Undirected
484,809,1,Undirected
484,453,1,Undirected
484,343,1,Undirected
484,678,1,Undirected
484,756,1,Undirected
485,13,1,Undirected
485,526,1,Undirected
486,71,1,Undirected
486,377,1,Undirected
486,681,2,Undirected
486,299,2,Undirected
487,49,2,Undirected
487,260,1,Undirected
488,686,1,Undirected
488,226,1,Undirected
488,324,1,Undirected
488,368,1,Undirected
488,538,1,Undirected
488,614,1,Undirected
488,453,2,Undirected
488,526,1,Undirected
489,193,1,Undirected
489,478,1,Undirected
489,501,1,Undirected
489,177,1,Undirected
491,686,4,Undirected
491,399,1,Undirected
492,373,1,Undirected
492,268,1,Undirected
492,238,1,Undirected
492,297,1,Undirected
493,76,5,Undirected
493,434,1,Undirected
493,75,4,Undirected
494,294,1,Undirected
495,16,1,Undirected
495,500,2,Undirected
497,562,4,Undirected
498,321,1,Undirected
498,24,1,Undirected
498,799,5,Undirected
498,128,1,Undirected
498,100,1,Undirected
498,280,1,Undirected
498,335,2,Undirected
498,389,3,Undirected
498,566,1,Undirected
498,645,1,Undirected
498,683,1,Undirected
498,178,1,Undirected
499,35,1,Undirected
499,178,1,Undirected
500,92,1,Undirected
500,495,2,Undirected
501,193,1,Undirected
501,744,3,Undirected
501,489,2,Undirected
501,757,1,Undirected
501,756,2,Undirected
501,747,2,Undirected
501,791,3,Undirected
501,436,1,Undirected
501,533,1,Undirected
502,240,1,Undirected
503,368,1,Undirected
503,400,1,Undirected
503,686,1,Undirected
504,652,1,Undirected
505,414,3,Undirected
505,26,1,Undirected
505,457,1,Undirected
505,22,1,Undirected
506,175,1,Undirected
506,791,1,Undirected
507,508,12,Undirected
508,507,12,Undirected
508,137,2,Undirected
509,193,4,Undirected
509,766,1,Undirected
509,176,1,Undirected
510,177,1,Undirected
510,670,1,Undirected
511,18,2,Undirected
511,264,5,Undirected
511,327,6,Undirected
511,770,3,Undirected
511,517,1,Undirected
512,357,2,Undirected
512,7,1,Undirected
512,408,1,Undirected
513,103,2,Undirected
513,161,1,Undirected
513,160,2,Undirected
513,438,1,Undirected
513,455,1,Undirected
513,594,1,Undirected
513,322,2,Undirected
513,809,2,Undirected
514,368,2,Undirected
514,605,1,Undirected
515,148,1,Undirected
515,368,1,Undirected
516,199,1,Undirected
516,523,1,Undirected
516,169,1,Undirected
517,511,1,Undirected
518,566,1,Undirected
519,83,2,Undirected
519,207,1,Undirected
519,321,1,Undirected
519,599,2,Undirected
520,227,1,Undirected
521,637,6,Undirected
521,19,1,Undirected
521,86,1,Undirected
521,166,1,Undirected
521,217,3,Undirected
521,271,1,Undirected
521,307,1,Undirected
521,393,2,Undirected
521,390,1,Undirected
521,544,1,Undirected
521,675,3,Undirected
521,662,1,Undirected
522,632,1,Undirected
522,803,5,Undirected
523,199,1,Undirected
523,516,1,Undirected
524,22,1,Undirected
524,40,1,Undirected
524,781,1,Undirected
524,159,5,Undirected
524,241,1,Undirected
524,215,1,Undirected
524,260,1,Undirected
524,277,1,Undirected
524,349,1,Undirected
525,13,8,Undirected
525,299,1,Undirected
525,326,2,Undirected
525,335,2,Undirected
525,778,1,Undirected
525,113,1,Undirected
525,729,1,Undirected
525,267,1,Undirected
525,32,1,Undirected
525,566,3,Undirected
525,607,1,Undirected
525,575,1,Undirected
525,776,1,Undirected
526,136,1,Undirected
526,133,1,Undirected
526,332,2,Undirected
526,447,2,Undirected
526,458,1,Undirected
526,176,2,Undirected
526,384,7,Undirected
526,27,13,Undirected
526,45,1,Undirected
526,44,6,Undirected
526,781,2,Undirected
526,53,11,Undirected
526,247,2,Undirected
526,321,6,Undirected
526,343,1,Undirected
526,412,1,Undirected
526,388,6,Undirected
526,372,7,Undirected
526,463,3,Undirected
526,542,5,Undirected
526,583,1,Undirected
526,760,4,Undirected
526,743,3,Undirected
526,31,1,Undirected
526,287,1,Undirected
526,385,4,Undirected
526,485,1,Undirected
526,654,1,Undirected
526,720,2,Undirected
526,614,6,Undirected
526,686,1,Undirected
526,588,1,Undirected
526,323,2,Undirected
526,178,1,Undirected
526,378,1,Undirected
526,131,1,Undirected
526,160,3,Undirected
526,540,2,Undirected
526,488,1,Undirected
526,267,1,Undirected
526,457,1,Undirected
526,667,1,Undirected
526,547,1,Undirected
526,761,1,Undirected
526,75,1,Undirected
526,285,1,Undirected
526,785,1,Undirected
527,95,1,Undirected
528,225,1,Undirected
530,599,1,Undirected
531,4,1,Undirected
531,808,1,Undirected
532,35,2,Undirected
532,73,1,Undirected
532,482,1,Undirected
532,778,1,Undirected
532,26,1,Undirected
532,321,1,Undirected
532,112,1,Undirected
532,453,2,Undirected
532,287,2,Undirected
532,647,2,Undirected
532,685,1,Undirected
532,714,2,Undirected
532,673,2,Undirected
532,83,1,Undirected
532,13,1,Undirected
532,214,1,Undirected
532,729,1,Undirected
532,809,1,Undirected
532,343,1,Undirected
532,607,1,Undirected
532,217,2,Undirected
532,422,1,Undirected
533,16,1,Undirected
533,75,8,Undirected
533,210,1,Undirected
533,55,1,Undirected
533,176,3,Undirected
533,335,1,Undirected
533,649,1,Undirected
533,42,2,Undirected
533,164,5,Undirected
533,321,1,Undirected
533,552,1,Undirected
533,699,1,Undirected
533,667,1,Undirected
533,733,3,Undirected
533,501,1,Undirected
533,809,1,Undirected
533,781,2,Undirected
533,229,1,Undirected
533,678,1,Undirected
533,201,1,Undirected
533,299,1,Undirected
533,765,1,Undirected
534,476,1,Undirected
535,110,1,Undirected
535,602,1,Undirected
536,461,1,Undirected
537,784,1,Undirected
538,341,1,Undirected
538,547,1,Undirected
538,553,2,Undirected
538,176,1,Undirected
539,141,1,Undirected
539,645,2,Undirected
539,770,3,Undirected
540,75,2,Undirected
540,177,2,Undirected
540,193,2,Undirected
540,484,2,Undirected
540,272,1,Undirected
540,694,1,Undirected
540,368,1,Undirected
540,485,1,Undirected
540,526,2,Undirected
540,378,3,Undirected
540,418,1,Undirected
540,432,1,Undirected
540,761,2,Undirected
540,176,1,Undirected
541,177,1,Undirected
541,256,1,Undirected
541,756,2,Undirected
542,139,2,Undirected
542,30,1,Undirected
542,133,2,Undirected
542,180,4,Undirected
542,329,1,Undirected
542,335,1,Undirected
542,332,1,Undirected
542,614,4,Undirected
542,635,1,Undirected
542,639,1,Undirected
542,686,1,Undirected
542,806,1,Undirected
542,453,1,Undirected
542,526,4,Undirected
542,300,1,Undirected
542,326,2,Undirected
542,160,1,Undirected
542,769,1,Undirected
542,31,1,Undirected
542,13,1,Undirected
543,62,1,Undirected
543,180,4,Undirected
543,481,3,Undirected
544,271,2,Undirected
544,431,4,Undirected
544,521,1,Undirected
545,340,4,Undirected
546,51,1,Undirected
547,32,3,Undirected
547,678,1,Undirected
547,212,1,Undirected
547,323,1,Undirected
547,368,1,Undirected
547,488,1,Undirected
547,574,1,Undirected
547,796,2,Undirected
547,674,1,Undirected
547,6,1,Undirected
547,343,1,Undirected
547,453,1,Undirected
547,614,3,Undirected
547,75,1,Undirected
547,701,1,Undirected
547,774,1,Undirected
547,526,1,Undirected
548,13,2,Undirected
549,729,1,Undirected
550,439,1,Undirected
551,547,1,Undirected
551,25,1,Undirected
551,662,1,Undirected
551,26,4,Undirected
551,422,1,Undirected
551,458,2,Undirected
552,533,1,Undirected
553,126,1,Undirected
553,289,1,Undirected
553,294,2,Undirected
553,570,1,Undirected
553,629,1,Undirected
553,796,2,Undirected
553,538,2,Undirected
553,323,1,Undirected
553,758,1,Undirected
554,121,3,Undirected
554,287,3,Undirected
554,647,4,Undirected
554,723,1,Undirected
554,302,1,Undirected
555,133,1,Undirected
556,359,1,Undirected
557,575,1,Undirected
557,767,1,Undirected
558,253,2,Undirected
558,287,6,Undirected
559,180,1,Undirected
560,176,1,Undirected
560,728,2,Undirected
560,758,1,Undirected
561,284,4,Undirected
562,497,4,Undirected
563,685,1,Undirected
564,297,4,Undirected
565,685,1,Undirected
566,323,1,Undirected
566,13,1,Undirected
566,16,1,Undirected
566,22,3,Undirected
566,32,5,Undirected
566,525,5,Undirected
566,130,1,Undirected
566,210,2,Undirected
566,139,1,Undirected
566,239,2,Undirected
566,214,3,Undirected
566,176,2,Undirected
566,238,1,Undirected
566,297,3,Undirected
566,458,6,Undirected
566,321,7,Undirected
566,86,1,Undirected
566,11,1,Undirected
566,343,2,Undirected
566,641,4,Undirected
566,371,2,Undirected
566,75,1,Undirected
566,781,1,Undirected
566,761,1,Undirected
566,457,1,Undirected
566,328,1,Undirected
566,277,1,Undirected
566,19,2,Undirected
566,131,7,Undirected
566,168,1,Undirected
566,280,7,Undirected
566,441,2,Undirected
566,428,1,Undirected
566,373,2,Undirected
566,587,6,Undirected
566,589,1,Undirected
566,722,1,Undirected
566,693,2,Undirected
566,685,3,Undirected
566,768,2,Undirected
566,112,1,Undirected
566,83,4,Undirected
566,377,2,Undirected
566,332,1,Undirected
566,340,1,Undirected
566,422,1,Undirected
566,459,1,Undirected
566,443,1,Undirected
566,518,1,Undirected
566,567,1,Undirected
566,568,1,Undirected
566,611,1,Undirected
566,657,1,Undirected
566,667,1,Undirected
566,702,2,Undirected
566,615,3,Undirected
566,654,2,Undirected
566,482,1,Undirected
566,630,1,Undirected
566,774,1,Undirected
568,207,1,Undirected
568,685,2,Undirected
568,416,1,Undirected
568,32,1,Undirected
568,20,2,Undirected
568,157,1,Undirected
568,153,1,Undirected
568,304,2,Undirected
568,440,1,Undirected
568,476,1,Undirected
568,620,1,Undirected
568,321,3,Undirected
568,176,2,Undirected
568,566,1,Undirected
568,641,1,Undirected
568,714,1,Undirected
568,767,1,Undirected
568,678,1,Undirected
568,240,1,Undirected
569,444,1,Undirected
569,654,1,Undirected
570,125,3,Undirected
571,579,1,Undirected
571,700,5,Undirected
571,256,1,Undirected
571,761,1,Undirected
572,430,1,Undirected
572,645,1,Undirected
572,767,1,Undirected
573,669,5,Undirected
574,148,1,Undirected
574,368,3,Undirected
574,547,1,Undirected
574,614,1,Undirected
574,588,1,Undirected
574,453,1,Undirected
575,119,1,Undirected
575,287,1,Undirected
575,297,1,Undirected
575,335,1,Undirected
575,13,1,Undirected
575,793,1,Undirected
575,73,1,Undirected
575,781,1,Undirected
575,256,1,Undirected
575,321,1,Undirected
575,557,1,Undirected
575,615,1,Undirected
575,636,1,Undirected
575,525,1,Undirected
575,721,1,Undirected
575,214,1,Undirected
575,765,1,Undirected
577,789,2,Undirected
577,290,1,Undirected
577,742,1,Undirected
578,345,2,Undirected
579,256,1,Undirected
579,571,1,Undirected
580,243,2,Undirected
580,465,1,Undirected
580,176,1,Undirected
580,755,1,Undirected
581,132,1,Undirected
582,796,3,Undirected
582,131,1,Undirected
582,198,1,Undirected
582,295,1,Undirected
583,526,1,Undirected
584,761,1,Undirected
584,193,1,Undirected
584,257,1,Undirected
584,756,1,Undirected
585,472,1,Undirected
585,14,1,Undirected
586,119,4,Undirected
587,11,1,Undirected
587,217,1,Undirected
587,280,4,Undirected
587,566,3,Undirected
587,299,1,Undirected
587,693,5,Undirected
588,526,1,Undirected
588,574,1,Undirected
588,667,1,Undirected
589,217,2,Undirected
589,280,2,Undirected
589,566,3,Undirected
589,657,1,Undirected
589,26,3,Undirected
590,457,1,Undirected
591,782,2,Undirected
591,245,1,Undirected
591,202,1,Undirected
592,198,3,Undirected
592,615,1,Undirected
593,547,1,Undirected
594,18,1,Undirected
594,6,1,Undirected
594,513,1,Undirected
594,616,1,Undirected
595,377,1,Undirected
595,453,1,Undirected
595,130,2,Undirected
595,781,1,Undirected
595,458,1,Undirected
595,217,1,Undirected
596,13,3,Undirected
596,469,4,Undirected
597,217,2,Undirected
597,32,7,Undirected
597,58,4,Undirected
597,363,2,Undirected
597,350,1,Undirected
597,340,3,Undirected
597,768,1,Undirected
597,343,1,Undirected
598,26,1,Undirected
599,13,3,Undirected
599,615,1,Undirected
599,74,1,Undirected
599,694,1,Undirected
599,225,2,Undirected
599,394,1,Undirected
599,321,1,Undirected
599,422,1,Undirected
599,663,2,Undirected
599,530,1,Undirected
599,40,1,Undirected
599,45,2,Undirected
599,139,1,Undirected
599,159,5,Undirected
599,277,12,Undirected
599,328,2,Undirected
599,353,3,Undirected
599,351,1,Undirected
599,417,1,Undirected
599,519,2,Undirected
599,679,1,Undirected
599,73,2,Undirected
599,94,1,Undirected
599,311,2,Undirected
599,107,1,Undirected
599,256,2,Undirected
599,326,1,Undirected
599,430,2,Undirected
599,453,1,Undirected
599,476,1,Undirected
599,616,1,Undirected
599,614,2,Undirected
599,641,2,Undirected
599,686,1,Undirected
599,729,1,Undirected
599,783,1,Undirected
599,709,1,Undirected
599,75,1,Undirected
600,467,1,Undirected
601,139,1,Undirected
602,535,1,Undirected
603,377,1,Undirected
603,697,1,Undirected
604,335,2,Undirected
604,652,3,Undirected
604,218,1,Undirected
605,514,1,Undirected
606,14,1,Undirected
606,86,1,Undirected
606,389,2,Undirected
606,442,1,Undirected
606,472,2,Undirected
606,691,4,Undirected
606,735,2,Undirected
607,218,1,Undirected
607,678,1,Undirected
607,418,1,Undirected
607,118,2,Undirected
607,374,1,Undirected
607,632,2,Undirected
607,686,1,Undirected
607,721,1,Undirected
607,321,1,Undirected
607,532,1,Undirected
607,525,1,Undirected
609,86,2,Undirected
609,260,2,Undirected
609,349,1,Undirected
610,458,1,Undirected
611,201,1,Undirected
611,484,2,Undirected
611,177,2,Undirected
611,758,1,Undirected
611,791,3,Undirected
611,131,1,Undirected
611,321,1,Undirected
611,566,1,Undirected
611,378,1,Undirected
611,809,2,Undirected
612,43,1,Undirected
613,465,1,Undirected
613,296,1,Undirected
613,423,4,Undirected
613,378,1,Undirected
614,13,2,Undirected
614,321,2,Undirected
614,210,1,Undirected
614,526,6,Undirected
614,482,1,Undirected
614,720,4,Undirected
614,343,1,Undirected
614,299,4,Undirected
614,82,2,Undirected
614,212,2,Undirected
614,384,1,Undirected
614,160,1,Undirected
614,488,1,Undirected
614,542,4,Undirected
614,574,1,Undirected
614,680,1,Undirected
614,139,2,Undirected
614,256,2,Undirected
614,31,1,Undirected
614,131,2,Undirected
614,132,1,Undirected
614,781,1,Undirected
614,287,2,Undirected
614,298,1,Undirected
614,311,1,Undirected
614,300,1,Undirected
614,323,1,Undirected
614,326,1,Undirected
614,335,1,Undirected
614,332,1,Undirected
614,361,1,Undirected
614,373,1,Undirected
614,458,1,Undirected
614,454,2,Undirected
614,133,1,Undirected
614,547,3,Undirected
614,599,1,Undirected
614,769,1,Undirected
614,787,1,Undirected
614,457,1,Undirected
614,686,2,Undirected
615,599,1,Undirected
615,321,7,Undirected
615,685,2,Undirected
615,566,3,Undirected
615,658,1,Undirected
615,37,1,Undirected
615,45,1,Undirected
615,137,1,Undirected
615,198,1,Undirected
615,240,3,Undirected
615,295,1,Undirected
615,413,2,Undirected
615,667,2,Undirected
615,678,2,Undirected
615,732,1,Undirected
615,13,2,Undirected
615,16,1,Undirected
615,176,1,Undirected
615,210,1,Undirected
615,253,1,Undirected
615,297,1,Undirected
615,272,1,Undirected
615,361,1,Undirected
615,84,1,Undirected
615,373,1,Undirected
615,453,2,Undirected
615,592,1,Undirected
615,674,1,Undirected
615,694,1,Undirected
615,729,2,Undirected
615,758,1,Undirected
615,778,1,Undirected
615,809,1,Undirected
615,575,1,Undirected
615,311,1,Undirected
615,308,1,Undirected
616,6,1,Undirected
616,18,2,Undirected
616,323,1,Undirected
616,599,1,Undirected
617,321,3,Undirected
617,791,1,Undirected
617,7,1,Undirected
617,45,1,Undirected
617,357,2,Undirected
617,408,2,Undirected
618,32,1,Undirected
620,394,4,Undirected
620,568,1,Undirected
620,422,1,Undirected
620,217,1,Undirected
621,377,2,Undirected
621,624,2,Undirected
621,775,2,Undirected
621,453,1,Undirected
622,663,6,Undirected
623,599,1,Undirected
624,621,2,Undirected
625,136,1,Undirected
625,293,1,Undirected
625,270,1,Undirected
625,368,1,Undirected
626,299,1,Undirected
626,285,1,Undirected
626,139,2,Undirected
627,285,1,Undirected
627,457,1,Undirected
627,139,2,Undirected
627,120,1,Undirected
627,248,4,Undirected
627,205,2,Undirected
627,253,6,Undirected
627,278,2,Undirected
627,330,1,Undirected
627,759,1,Undirected
627,796,1,Undirected
627,426,1,Undirected
628,675,1,Undirected
629,125,2,Undirected
629,789,2,Undirected
629,553,1,Undirected
629,796,1,Undirected
630,781,1,Undirected
630,321,2,Undirected
630,61,2,Undirected
630,207,2,Undirected
630,566,1,Undirected
631,1,2,Undirected
632,193,1,Undirected
632,721,2,Undirected
632,218,1,Undirected
632,522,1,Undirected
632,607,2,Undirected
632,787,2,Undirected
632,651,1,Undirected
632,686,1,Undirected
633,752,8,Undirected
634,471,1,Undirected
635,542,1,Undirected
636,131,1,Undirected
636,177,2,Undirected
636,193,1,Undirected
636,758,1,Undirected
636,465,3,Undirected
636,756,1,Undirected
636,378,2,Undirected
636,575,1,Undirected
636,781,1,Undirected
637,113,1,Undirected
637,390,1,Undirected
637,521,4,Undirected
637,781,1,Undirected
637,217,1,Undirected
637,308,1,Undirected
637,73,1,Undirected
638,321,3,Undirected
638,51,4,Undirected
638,89,2,Undirected
638,85,5,Undirected
638,277,1,Undirected
638,397,1,Undirected
638,665,2,Undirected
638,685,4,Undirected
638,36,1,Undirected
639,330,2,Undirected
639,542,1,Undirected
640,195,1,Undirected
640,445,3,Undirected
641,566,4,Undirected
641,599,1,Undirected
641,45,1,Undirected
641,225,2,Undirected
641,348,1,Undirected
641,275,1,Undirected
641,451,3,Undirected
641,57,1,Undirected
641,112,2,Undirected
641,781,1,Undirected
641,189,1,Undirected
641,16,1,Undirected
641,321,4,Undirected
641,351,1,Undirected
641,373,1,Undirected
641,453,1,Undirected
641,568,1,Undirected
642,529,1,Undirected
642,238,1,Undirected
643,13,2,Undirected
644,137,2,Undirected
645,12,1,Undirected
645,430,1,Undirected
645,124,1,Undirected
645,203,2,Undirected
645,326,1,Undirected
645,498,1,Undirected
645,539,2,Undirected
645,572,1,Undirected
645,767,1,Undirected
645,16,1,Undirected
645,264,1,Undirected
645,130,1,Undirected
646,201,1,Undirected
646,782,1,Undirected
646,453,1,Undirected
647,453,2,Undirected
647,321,3,Undirected
647,532,2,Undirected
647,554,4,Undirected
647,725,1,Undirected
647,673,1,Undirected
647,302,1,Undirected
647,217,2,Undirected
648,796,1,Undirected
648,789,1,Undirected
648,674,1,Undirected
649,796,1,Undirected
649,323,1,Undirected
649,533,1,Undirected
650,294,2,Undirected
650,686,2,Undirected
650,742,3,Undirected
651,332,2,Undirected
651,35,1,Undirected
651,139,1,Undirected
651,184,1,Undirected
651,326,1,Undirected
651,632,1,Undirected
651,300,1,Undirected
652,128,1,Undirected
652,116,1,Undirected
652,218,1,Undirected
652,217,6,Undirected
652,266,1,Undirected
652,604,3,Undirected
652,316,3,Undirected
652,361,1,Undirected
652,504,1,Undirected
652,299,1,Undirected
652,657,1,Undirected
652,701,1,Undirected
653,343,1,Undirected
653,701,1,Undirected
653,72,1,Undirected
653,217,1,Undirected
653,308,3,Undirected
654,343,1,Undirected
654,35,1,Undirected
654,60,1,Undirected
654,526,1,Undirected
654,311,1,Undirected
654,326,2,Undirected
654,328,2,Undirected
654,453,1,Undirected
654,569,1,Undirected
654,566,2,Undirected
654,16,1,Undirected
655,703,1,Undirected
656,245,2,Undirected
657,128,2,Undirected
657,217,4,Undirected
657,359,4,Undirected
657,299,1,Undirected
657,589,1,Undirected
657,566,1,Undirected
657,652,2,Undirected
658,131,2,Undirected
658,162,1,Undirected
658,358,1,Undirected
658,615,1,Undirected
658,425,1,Undirected
658,343,1,Undirected
659,86,1,Undirected
660,93,1,Undirected
661,298,2,Undirected
661,696,1,Undirected
662,22,1,Undirected
662,214,1,Undirected
662,217,7,Undirected
662,458,1,Undirected
662,521,1,Undirected
662,551,2,Undirected
662,695,1,Undirected
662,26,2,Undirected
662,101,1,Undirected
663,32,3,Undirected
663,685,1,Undirected
663,599,2,Undirected
663,9,1,Undirected
663,213,1,Undirected
663,622,6,Undirected
663,673,3,Undirected
663,207,1,Undirected
663,351,1,Undirected
664,217,1,Undirected
665,207,1,Undirected
665,89,1,Undirected
665,342,2,Undirected
665,476,1,Undirected
665,638,2,Undirected
666,176,1,Undirected
666,321,2,Undirected
667,526,1,Undirected
667,321,2,Undirected
667,615,2,Undirected
667,588,1,Undirected
667,371,1,Undirected
667,201,1,Undirected
667,789,1,Undirected
667,370,1,Undirected
667,176,1,Undirected
667,533,1,Undirected
667,566,1,Undirected
667,686,1,Undirected
667,796,1,Undirected
668,36,4,Undirected
669,355,1,Undirected
669,448,3,Undirected
669,573,5,Undirected
670,193,1,Undirected
670,396,1,Undirected
670,386,2,Undirected
670,510,1,Undirected
670,798,2,Undirected
670,809,1,Undirected
670,177,1,Undirected
671,88,2,Undirected
672,147,5,Undirected
673,83,2,Undirected
673,210,1,Undirected
673,213,2,Undirected
673,351,3,Undirected
673,394,1,Undirected
673,532,2,Undirected
673,647,1,Undirected
673,723,1,Undirected
673,663,3,Undirected
673,714,1,Undirected
673,719,1,Undirected
673,32,1,Undirected
674,547,1,Undirected
674,358,2,Undirected
674,425,1,Undirected
674,781,1,Undirected
674,321,2,Undirected
674,413,1,Undirected
674,648,1,Undirected
674,809,1,Undirected
675,521,3,Undirected
675,628,1,Undirected
676,160,1,Undirected
677,729,1,Undirected
677,794,1,Undirected
678,484,1,Undirected
678,694,1,Undirected
678,547,1,Undirected
678,607,1,Undirected
678,617,1,Undirected
678,16,1,Undirected
678,240,1,Undirected
678,176,3,Undirected
678,35,1,Undirected
678,256,2,Undirected
678,533,1,Undirected
678,615,2,Undirected
678,758,1,Undirected
678,357,1,Undirected
678,568,1,Undirected
678,771,1,Undirected
679,40,1,Undirected
679,599,1,Undirected
679,35,1,Undirected
680,160,1,Undirected
680,614,1,Undirected
681,329,1,Undirected
681,395,1,Undirected
681,486,2,Undirected
682,395,1,Undirected
683,498,1,Undirected
683,335,1,Undirected
684,201,2,Undirected
684,245,1,Undirected
684,463,1,Undirected
685,32,2,Undirected
685,767,1,Undirected
685,445,8,Undirected
685,568,2,Undirected
685,615,2,Undirected
685,351,1,Undirected
685,297,2,Undirected
685,476,1,Undirected
685,663,1,Undirected
685,45,2,Undirected
685,20,1,Undirected
685,347,1,Undirected
685,532,1,Undirected
685,638,4,Undirected
685,566,2,Undirected
685,16,2,Undirected
685,781,1,Undirected
685,68,1,Undirected
685,217,3,Undirected
685,361,1,Undirected
685,563,1,Undirected
685,565,1,Undirected
686,694,2,Undirected
686,488,1,Undirected
686,67,1,Undirected
686,370,3,Undirected
686,526,1,Undirected
686,321,1,Undirected
686,294,2,Undirected
686,287,1,Undirected
686,369,1,Undirected
686,130,1,Undirected
686,796,8,Undirected
686,491,2,Undirected
686,418,1,Undirected
686,462,3,Undirected
686,490,1,Undirected
686,758,4,Undirected
686,299,3,Undirected
686,614,1,Undirected
686,632,1,Undirected
686,210,1,Undirected
686,297,2,Undirected
686,335,1,Undirected
686,439,3,Undirected
686,453,2,Undirected
686,515,1,Undirected
686,542,1,Undirected
686,607,1,Undirected
686,790,1,Undirected
686,134,1,Undirected
686,255,1,Undirected
686,789,2,Undirected
686,137,1,Undirected
686,285,1,Undirected
686,503,1,Undirected
686,151,1,Undirected
686,599,1,Undirected
686,650,1,Undirected
686,667,1,Undirected
686,322,2,Undirected
686,290,1,Undirected
686,678,1,Undirected
686,711,1,Undirected
686,131,1,Undirected
686,809,1,Undirected
687,78,1,Undirected
688,177,1,Undirected
688,465,3,Undirected
688,757,4,Undirected
688,478,1,Undirected
689,28,1,Undirected
690,47,1,Undirected
690,68,2,Undirected
691,63,1,Undirected
691,284,1,Undirected
691,717,1,Undirected
691,606,4,Undirected
691,735,1,Undirected
691,716,1,Undirected
692,189,1,Undirected
692,781,1,Undirected
692,86,1,Undirected
693,299,1,Undirected
693,209,1,Undirected
693,280,3,Undirected
693,498,1,Undirected
693,566,1,Undirected
693,587,4,Undirected
694,540,1,Undirected
694,453,2,Undirected
694,132,1,Undirected
694,176,1,Undirected
694,686,2,Undirected
694,767,1,Undirected
694,129,1,Undirected
694,93,1,Undirected
694,287,1,Undirected
694,285,1,Undirected
694,502,1,Undirected
694,599,1,Undirected
694,615,1,Undirected
694,761,1,Undirected
694,796,1,Undirected
695,217,4,Undirected
695,662,1,Undirected
696,298,1,Undirected
696,661,1,Undirected
697,389,1,Undirected
697,603,1,Undirected
698,371,5,Undirected
699,533,1,Undirected
699,144,2,Undirected
699,733,1,Undirected
699,75,2,Undirected
700,193,2,Undirected
700,433,1,Undirected
700,256,2,Undirected
700,571,5,Undirected
700,761,1,Undirected
701,137,1,Undirected
701,116,2,Undirected
701,652,1,Undirected
701,730,3,Undirected
701,26,2,Undirected
701,653,1,Undirected
701,343,1,Undirected
701,218,1,Undirected
701,217,1,Undirected
701,267,1,Undirected
701,305,3,Undirected
701,547,1,Undirected
701,321,1,Undirected
702,566,2,Undirected
702,13,1,Undirected
702,73,1,Undirected
703,192,5,Undirected
703,335,2,Undirected
703,655,1,Undirected
704,460,2,Undirected
704,10,1,Undirected
704,59,1,Undirected
704,227,1,Undirected
704,360,1,Undirected
704,382,2,Undirected
705,171,1,Undirected
705,297,1,Undirected
706,394,2,Undirected
706,568,1,Undirected
706,70,2,Undirected
706,244,1,Undirected
706,304,1,Undirected
706,56,2,Undirected
706,235,1,Undirected
707,238,1,Undirected
708,225,3,Undirected
708,283,1,Undirected
709,781,1,Undirected
709,332,1,Undirected
709,599,1,Undirected
709,86,1,Undirected
710,231,2,Undirected
711,686,1,Undirected
712,383,1,Undirected
712,399,1,Undirected
713,459,1,Undirected
713,751,1,Undirected
714,568,1,Undirected
714,35,1,Undirected
714,422,2,Undirected
714,173,3,Undirected
714,210,1,Undirected
714,200,1,Undirected
714,532,1,Undirected
715,14,2,Undirected
715,472,1,Undirected
716,158,1,Undirected
716,63,1,Undirected
716,691,1,Undirected
717,377,1,Undirected
717,217,1,Undirected
717,284,1,Undirected
717,691,1,Undirected
718,321,2,Undirected
719,117,1,Undirected
719,178,1,Undirected
719,252,3,Undirected
719,287,2,Undirected
719,673,1,Undirected
719,745,4,Undirected
720,809,2,Undirected
720,614,4,Undirected
720,285,1,Undirected
720,526,2,Undirected
720,136,1,Undirected
720,400,1,Undirected
720,269,1,Undirected
720,293,1,Undirected
720,335,1,Undirected
720,322,2,Undirected
720,229,1,Undirected
720,160,1,Undirected
721,575,1,Undirected
721,607,1,Undirected
721,632,2,Undirected
721,13,1,Undirected
721,332,2,Undirected
722,664,1,Undirected
723,83,1,Undirected
723,379,1,Undirected
723,178,2,Undirected
723,287,1,Undirected
723,554,1,Undirected
723,673,1,Undirected
724,484,1,Undirected
725,647,1,Undirected
726,218,1,Undirected
727,781,2,Undirected
727,458,3,Undirected
727,453,1,Undirected
727,13,1,Undirected
727,16,1,Undirected
727,217,1,Undirected
728,560,2,Undirected
729,133,3,Undirected
729,525,1,Undirected
729,306,1,Undirected
729,344,1,Undirected
729,471,2,Undirected
729,31,1,Undirected
729,115,1,Undirected
729,778,1,Undirected
729,776,2,Undirected
729,476,1,Undirected
729,549,1,Undirected
729,677,1,Undirected
729,794,2,Undirected
729,16,2,Undirected
729,112,1,Undirected
729,178,2,Undirected
729,532,1,Undirected
729,599,1,Undirected
729,73,1,Undirected
729,615,2,Undirected
730,38,4,Undirected
730,116,1,Undirected
730,335,1,Undirected
730,701,3,Undirected
731,154,1,Undirected
731,119,3,Undirected
731,234,1,Undirected
732,615,1,Undirected
733,75,1,Undirected
733,533,3,Undirected
733,699,1,Undirected
734,791,1,Undirected
735,389,1,Undirected
735,606,1,Undirected
735,691,1,Undirected
735,14,1,Undirected
736,323,1,Undirected
737,91,1,Undirected
738,469,3,Undirected
739,241,3,Undirected
740,32,1,Undirected
740,321,1,Undirected
740,225,1,Undirected
740,45,2,Undirected
740,84,1,Undirected
740,52,1,Undirected
740,94,1,Undirected
740,139,1,Undirected
740,162,1,Undirected
740,288,2,Undirected
740,311,2,Undirected
740,330,1,Undirected
740,408,5,Undirected
740,796,1,Undirected
740,23,1,Undirected
740,178,1,Undirected
740,207,1,Undirected
740,343,1,Undirected
740,809,1,Undirected
741,362,1,Undirected
741,394,2,Undirected
742,789,3,Undirected
742,294,5,Undirected
742,494,1,Undirected
742,577,1,Undirected
742,650,3,Undirected
743,526,2,Undirected
744,501,3,Undirected
744,756,4,Undirected
744,177,1,Undirected
745,379,1,Undirected
745,719,4,Undirected
745,178,6,Undirected
745,287,1,Undirected
746,41,2,Undirected
747,501,2,Undirected
748,375,1,Undirected
748,296,2,Undirected
748,433,1,Undirected
749,14,1,Undirected
750,207,1,Undirected
751,713,1,Undirected
752,633,8,Undirected
753,208,1,Undirected
753,365,1,Undirected
753,460,1,Undirected
754,330,1,Undirected
754,763,3,Undirected
755,757,3,Undirected
755,765,1,Undirected
755,177,1,Undirected
755,580,1,Undirected
756,177,2,Undirected
756,321,1,Undirected
756,757,1,Undirected
756,196,1,Undirected
756,243,1,Undirected
756,257,2,Undirected
756,381,2,Undirected
756,386,2,Undirected
756,446,2,Undirected
756,501,2,Undirected
756,541,2,Undirected
756,584,1,Undirected
756,636,1,Undirected
756,744,4,Undirected
756,798,1,Undirected
756,484,1,Undirected
757,201,2,Undirected
757,176,1,Undirected
757,177,5,Undirected
757,257,1,Undirected
757,501,1,Undirected
757,540,1,Undirected
757,688,4,Undirected
757,755,3,Undirected
757,765,1,Undirected
757,756,1,Undirected
757,139,1,Undirected
757,343,1,Undirected
757,453,1,Undirected
757,785,1,Undirected
757,306,1,Undirected
758,299,1,Undirected
758,160,1,Undirected
758,369,1,Undirected
758,396,6,Undirected
758,6,1,Undirected
758,176,5,Undirected
758,686,4,Undirected
758,323,1,Undirected
758,131,2,Undirected
758,290,2,Undirected
758,294,1,Undirected
758,293,2,Undirected
758,560,1,Undirected
758,611,1,Undirected
758,322,1,Undirected
758,786,2,Undirected
758,796,2,Undirected
758,553,1,Undirected
758,31,1,Undirected
758,48,1,Undirected
758,139,1,Undirected
758,193,2,Undirected
758,383,1,Undirected
758,636,1,Undirected
758,462,1,Undirected
758,615,1,Undirected
758,678,1,Undirected
758,809,1,Undirected
758,75,1,Undirected
758,164,1,Undirected
758,368,1,Undirected
759,321,1,Undirected
759,358,1,Undirected
759,627,1,Undirected
760,526,7,Undirected
761,326,1,Undirected
761,584,1,Undirected
761,177,1,Undirected
761,176,6,Undirected
761,296,1,Undirected
761,297,2,Undirected
761,433,2,Undirected
761,566,1,Undirected
761,426,1,Undirected
761,484,3,Undirected
761,526,1,Undirected
761,453,1,Undirected
761,299,3,Undirected
761,571,1,Undirected
761,287,1,Undirected
761,323,1,Undirected
761,540,3,Undirected
761,423,1,Undirected
761,74,1,Undirected
761,694,1,Undirected
761,700,1,Undirected
761,785,1,Undirected
761,256,1,Undirected
761,787,1,Undirected
762,75,3,Undirected
763,754,3,Undirected
764,11,1,Undirected
764,19,1,Undirected
764,377,1,Undirected
764,217,1,Undirected
764,258,2,Undirected
764,259,1,Undirected
765,533,1,Undirected
765,177,2,Undirected
765,755,1,Undirected
765,757,1,Undirected
765,193,1,Undirected
765,575,1,Undirected
766,509,1,Undirected
766,194,3,Undirected
767,685,1,Undirected
767,218,1,Undirected
767,299,1,Undirected
767,13,2,Undirected
767,16,1,Undirected
767,73,2,Undirected
767,187,1,Undirected
767,572,1,Undirected
767,645,1,Undirected
767,694,1,Undirected
767,326,2,Undirected
767,335,2,Undirected
767,403,1,Undirected
767,568,1,Undirected
767,557,1,Undirected
768,217,1,Undirected
768,13,1,Undirected
768,218,2,Undirected
768,343,4,Undirected
768,566,2,Undirected
768,597,1,Undirected
768,35,2,Undirected
768,287,1,Undirected
768,430,1,Undirected
769,614,1,Undirected
769,781,1,Undirected
769,31,1,Undirected
769,542,1,Undirected
770,18,2,Undirected
770,326,1,Undirected
770,406,1,Undirected
770,511,3,Undirected
770,539,3,Undirected
770,214,1,Undirected
770,130,1,Undirected
771,678,1,Undirected
772,427,1,Undirected
773,778,1,Undirected
774,217,1,Undirected
774,566,1,Undirected
774,308,1,Undirected
775,621,2,Undirected
776,13,6,Undirected
776,33,1,Undirected
776,181,4,Undirected
776,203,2,Undirected
776,282,1,Undirected
776,430,1,Undirected
776,392,2,Undirected
776,729,2,Undirected
776,122,1,Undirected
776,525,1,Undirected
777,33,1,Undirected
777,115,1,Undirected
778,525,1,Undirected
778,73,1,Undirected
778,729,1,Undirected
778,773,1,Undirected
778,793,1,Undirected
778,615,2,Undirected
778,137,1,Undirected
778,308,1,Undirected
778,361,1,Undirected
778,203,1,Undirected
778,13,1,Undirected
778,532,1,Undirected
778,377,1,Undirected
779,794,1,Undirected
780,50,1,Undirected
780,117,1,Undirected
780,68,1,Undirected
780,178,1,Undirected
781,45,1,Undirected
781,94,1,Undirected
781,168,2,Undirected
781,287,1,Undirected
781,458,5,Undirected
781,524,2,Undirected
781,595,1,Undirected
781,727,2,Undirected
781,769,1,Undirected
781,453,4,Undirected
781,13,2,Undirected
781,35,1,Undirected
781,86,1,Undirected
781,526,2,Undirected
781,214,1,Undirected
781,217,2,Undirected
781,284,1,Undirected
781,343,1,Undirected
781,403,1,Undirected
781,201,1,Undirected
781,533,2,Undirected
781,575,1,Undirected
781,636,1,Undirected
781,641,1,Undirected
781,674,1,Undirected
781,685,1,Undirected
781,630,1,Undirected
781,298,1,Undirected
781,566,1,Undirected
781,361,3,Undirected
781,709,1,Undirected
781,729,1,Undirected
781,377,1,Undirected
782,245,4,Undirected
782,591,2,Undirected
782,646,1,Undirected
783,299,1,Undirected
783,785,2,Undirected
783,176,1,Undirected
783,321,1,Undirected
783,599,1,Undirected
783,435,3,Undirected
783,75,1,Undirected
783,809,1,Undirected
784,537,1,Undirected
785,526,1,Undirected
785,761,1,Undirected
785,177,1,Undirected
785,783,2,Undirected
785,73,1,Undirected
785,757,1,Undirected
786,758,3,Undirected
786,41,2,Undirected
786,175,1,Undirected
787,13,1,Undirected
787,230,2,Undirected
787,219,1,Undirected
787,420,1,Undirected
787,632,1,Undirected
787,614,1,Undirected
787,525,1,Undirected
787,761,1,Undirected
788,8,2,Undirected
788,29,3,Undirected
789,322,2,Undirected
789,629,2,Undirected
789,108,1,Undirected
789,146,2,Undirected
789,125,1,Undirected
789,369,1,Undirected
789,249,1,Undirected
789,289,4,Undirected
789,294,4,Undirected
789,399,1,Undirected
789,467,1,Undirected
789,462,5,Undirected
789,577,2,Undirected
789,742,4,Undirected
789,796,2,Undirected
789,667,1,Undirected
789,809,1,Undirected
789,686,2,Undirected
789,176,2,Undirected
789,648,1,Undirected
790,294,1,Undirected
790,686,1,Undirected
791,408,1,Undirected
791,617,1,Undirected
791,396,3,Undirected
791,465,1,Undirected
791,506,1,Undirected
791,501,3,Undirected
791,611,3,Undirected
791,734,1,Undirected
792,458,1,Undirected
793,778,1,Undirected
793,469,2,Undirected
793,575,1,Undirected
794,115,1,Undirected
794,778,1,Undirected
794,677,1,Undirected
794,729,2,Undirected
794,202,1,Undirected
795,381,1,Undirected
796,323,2,Undirected
796,131,1,Undirected
796,686,7,Undirected
796,299,3,Undirected
796,789,2,Undirected
796,294,1,Undirected
796,758,2,Undirected
796,415,1,Undirected
796,369,1,Undirected
796,240,1,Undirected
796,253,1,Undirected
796,272,1,Undirected
796,425,1,Undirected
796,453,2,Undirected
796,176,1,Undirected
796,462,1,Undirected
796,553,1,Undirected
796,582,3,Undirected
796,423,2,Undirected
796,627,1,Undirected
796,648,1,Undirected
796,629,1,Undirected
796,649,1,Undirected
796,740,2,Undirected
796,797,1,Undirected
796,32,1,Undirected
796,113,1,Undirected
796,426,1,Undirected
796,547,1,Undirected
796,694,1,Undirected
796,667,1,Undirected
797,796,1,Undirected
798,196,1,Undirected
798,670,2,Undirected
798,756,1,Undirected
799,498,5,Undirected
800,720,1,Undirected
801,165,1,Undirected
802,140,2,Undirected
803,522,5,Undirected
804,323,2,Undirected
805,285,1,Undirected
806,31,1,Undirected
806,67,1,Undirected
806,133,1,Undirected
806,542,1,Undirected
807,100,1,Undirected
808,531,1,Undirected
809,13,1,Undirected
809,112,1,Undirected
809,131,2,Undirected
809,218,1,Undirected
809,287,3,Undirected
809,418,2,Undirected
809,462,1,Undirected
809,368,2,Undirected
809,484,1,Undirected
809,533,1,Undirected
809,532,1,Undirected
809,611,2,Undirected
809,615,1,Undirected
809,720,2,Undirected
809,299,2,Undirected
809,686,1,Undirected
809,758,1,Undirected
809,789,1,Undirected
809,426,1,Undirected
809,256,1,Undirected
809,321,3,Undirected
809,207,1,Undirected
809,326,1,Undirected
809,670,1,Undirected
809,95,1,Undirected
809,375,1,Undirected
809,176,1,Undirected
809,221,1,Undirected
809,311,2,Undirected
809,320,2,Undirected
809,332,1,Undirected
809,335,3,Undirected
809,458,2,Undirected
809,387,1,Undirected
809,513,2,Undirected
809,740,1,Undirected
809,783,1,Undirected
809,134,1,Undirected
809,137,1,Undirected
809,168,1,Undirected
809,373,1,Undirected
809,674,1,Undirected